<?xml version="1.0" encoding="utf-8"?>
<COLLADA xmlns="http://www.collada.org/2005/11/COLLADASchema" version="1.4.1" xmlns:xsi="http://www.w3.org/2001/XMLSchema-instance">
  <asset>
    <contributor>
      <author>Blender User</author>
      <authoring_tool>Blender 4.1.1 commit date:2024-04-15, commit time:15:11, hash:e1743a0317bc</authoring_tool>
    </contributor>
    <created>2026-02-05T18:01:03</created>
    <modified>2026-02-05T18:01:03</modified>
    <unit name="meter" meter="1"/>
    <up_axis>Z_UP</up_axis>
  </asset>
  <library_effects>
    <effect id="lambert2-effect">
      <profile_COMMON>
        <technique sid="common">
          <lambert>
            <emission>
              <color sid="emission">0 0 0 1</color>
            </emission>
            <diffuse>
              <color sid="diffuse">0.4 0.4 0.4 1</color>
            </diffuse>
            <transparent opaque="A_ONE">
              <color sid="alpha">0 0 0 0</color>
            </transparent>
            <index_of_refraction>
              <float sid="ior">1.5</float>
            </index_of_refraction>
          </lambert>
        </technique>
      </profile_COMMON>
    </effect>
    <effect id="blinn1-effect">
      <profile_COMMON>
        <technique sid="common">
          <lambert>
            <emission>
              <color sid="emission">0 0 0 1</color>
            </emission>
            <diffuse>
              <color sid="diffuse">0.4 0 0 1</color>
            </diffuse>
            <reflectivity>
              <float sid="specular">0.5</float>
            </reflectivity>
            <transparent opaque="A_ONE">
              <color sid="alpha">0 0 0 0</color>
            </transparent>
            <index_of_refraction>
              <float sid="ior">1.5</float>
            </index_of_refraction>
          </lambert>
        </technique>
      </profile_COMMON>
    </effect>
    <effect id="lambert2_001-effect">
      <profile_COMMON>
        <technique sid="common">
          <lambert>
            <emission>
              <color sid="emission">0 0 0 1</color>
            </emission>
            <diffuse>
              <color sid="diffuse">0.602 0.602 0.602 1</color>
            </diffuse>
            <transparent opaque="A_ONE">
              <color sid="alpha">0 0 0 0</color>
            </transparent>
            <index_of_refraction>
              <float sid="ior">1.5</float>
            </index_of_refraction>
          </lambert>
        </technique>
      </profile_COMMON>
    </effect>
    <effect id="lambert2_002-effect">
      <profile_COMMON>
        <technique sid="common">
          <lambert>
            <emission>
              <color sid="emission">0 0 0 1</color>
            </emission>
            <diffuse>
              <color sid="diffuse">0.602 0.602 0.602 1</color>
            </diffuse>
            <transparent opaque="A_ONE">
              <color sid="alpha">0 0 0 0</color>
            </transparent>
            <index_of_refraction>
              <float sid="ior">1.5</float>
            </index_of_refraction>
          </lambert>
        </technique>
      </profile_COMMON>
    </effect>
    <effect id="lambert2_003-effect">
      <profile_COMMON>
        <technique sid="common">
          <lambert>
            <emission>
              <color sid="emission">0 0 0 1</color>
            </emission>
            <diffuse>
              <color sid="diffuse">0.602 0.602 0.602 1</color>
            </diffuse>
            <transparent opaque="A_ONE">
              <color sid="alpha">0 0 0 0</color>
            </transparent>
            <index_of_refraction>
              <float sid="ior">1.5</float>
            </index_of_refraction>
          </lambert>
        </technique>
      </profile_COMMON>
    </effect>
    <effect id="lambert2_004-effect">
      <profile_COMMON>
        <technique sid="common">
          <lambert>
            <emission>
              <color sid="emission">0 0 0 1</color>
            </emission>
            <diffuse>
              <color sid="diffuse">0.602 0.602 0.602 1</color>
            </diffuse>
            <transparent opaque="A_ONE">
              <color sid="alpha">0 0 0 0</color>
            </transparent>
            <index_of_refraction>
              <float sid="ior">1.5</float>
            </index_of_refraction>
          </lambert>
        </technique>
      </profile_COMMON>
    </effect>
    <effect id="lambert2_005-effect">
      <profile_COMMON>
        <technique sid="common">
          <lambert>
            <emission>
              <color sid="emission">0 0 0 1</color>
            </emission>
            <diffuse>
              <color sid="diffuse">0.4816 0.4816 0.4816 1</color>
            </diffuse>
            <transparent opaque="A_ONE">
              <color sid="alpha">0 0 0 0</color>
            </transparent>
            <index_of_refraction>
              <float sid="ior">1.5</float>
            </index_of_refraction>
          </lambert>
        </technique>
      </profile_COMMON>
    </effect>
    <effect id="lambert2_006-effect">
      <profile_COMMON>
        <technique sid="common">
          <lambert>
            <emission>
              <color sid="emission">0 0 0 1</color>
            </emission>
            <diffuse>
              <color sid="diffuse">0.4816 0.4816 0.4816 1</color>
            </diffuse>
            <transparent opaque="A_ONE">
              <color sid="alpha">0 0 0 0</color>
            </transparent>
            <index_of_refraction>
              <float sid="ior">1.5</float>
            </index_of_refraction>
          </lambert>
        </technique>
      </profile_COMMON>
    </effect>
    <effect id="lambert2_007-effect">
      <profile_COMMON>
        <technique sid="common">
          <lambert>
            <emission>
              <color sid="emission">0 0 0 1</color>
            </emission>
            <diffuse>
              <color sid="diffuse">0.4816 0.4816 0.4816 1</color>
            </diffuse>
            <transparent opaque="A_ONE">
              <color sid="alpha">0 0 0 0</color>
            </transparent>
            <index_of_refraction>
              <float sid="ior">1.5</float>
            </index_of_refraction>
          </lambert>
        </technique>
      </profile_COMMON>
    </effect>
    <effect id="lambert2_008-effect">
      <profile_COMMON>
        <technique sid="common">
          <lambert>
            <emission>
              <color sid="emission">0 0 0 1</color>
            </emission>
            <diffuse>
              <color sid="diffuse">0.4816 0.4816 0.4816 1</color>
            </diffuse>
            <transparent opaque="A_ONE">
              <color sid="alpha">0 0 0 0</color>
            </transparent>
            <index_of_refraction>
              <float sid="ior">1.5</float>
            </index_of_refraction>
          </lambert>
        </technique>
      </profile_COMMON>
    </effect>
    <effect id="lambert2_009-effect">
      <profile_COMMON>
        <technique sid="common">
          <lambert>
            <emission>
              <color sid="emission">0 0 0 1</color>
            </emission>
            <diffuse>
              <color sid="diffuse">0.0088 0.0088 0.0088 1</color>
            </diffuse>
            <transparent opaque="A_ONE">
              <color sid="alpha">0 0 0 0</color>
            </transparent>
            <index_of_refraction>
              <float sid="ior">1.5</float>
            </index_of_refraction>
          </lambert>
        </technique>
      </profile_COMMON>
    </effect>
    <effect id="phong1-effect">
      <profile_COMMON>
        <technique sid="common">
          <lambert>
            <emission>
              <color sid="emission">0 0 0 1</color>
            </emission>
            <diffuse>
              <color sid="diffuse">0.004 0.004 0.004 1</color>
            </diffuse>
            <reflectivity>
              <float sid="specular">0.5</float>
            </reflectivity>
            <transparent opaque="A_ONE">
              <color sid="alpha">0 0 0 0</color>
            </transparent>
            <index_of_refraction>
              <float sid="ior">1.5</float>
            </index_of_refraction>
          </lambert>
        </technique>
      </profile_COMMON>
    </effect>
    <effect id="lambert3-effect">
      <profile_COMMON>
        <technique sid="common">
          <lambert>
            <emission>
              <color sid="emission">0 0 0 1</color>
            </emission>
            <diffuse>
              <color sid="diffuse">0.5872 0.5872 0.5872 1</color>
            </diffuse>
            <transparent opaque="A_ONE">
              <color sid="alpha">0 0 0 0</color>
            </transparent>
            <index_of_refraction>
              <float sid="ior">1.5</float>
            </index_of_refraction>
          </lambert>
        </technique>
      </profile_COMMON>
    </effect>
    <effect id="lambert2_010-effect">
      <profile_COMMON>
        <technique sid="common">
          <lambert>
            <emission>
              <color sid="emission">0 0 0 1</color>
            </emission>
            <diffuse>
              <color sid="diffuse">0.4 0.4 0.4 1</color>
            </diffuse>
            <transparent opaque="A_ONE">
              <color sid="alpha">0 0 0 0</color>
            </transparent>
            <index_of_refraction>
              <float sid="ior">1.5</float>
            </index_of_refraction>
          </lambert>
        </technique>
      </profile_COMMON>
    </effect>
    <effect id="lambert2_011-effect">
      <profile_COMMON>
        <technique sid="common">
          <lambert>
            <emission>
              <color sid="emission">0 0 0 1</color>
            </emission>
            <diffuse>
              <color sid="diffuse">0.4 0.4 0.4 1</color>
            </diffuse>
            <transparent opaque="A_ONE">
              <color sid="alpha">0 0 0 0</color>
            </transparent>
            <index_of_refraction>
              <float sid="ior">1.5</float>
            </index_of_refraction>
          </lambert>
        </technique>
      </profile_COMMON>
    </effect>
    <effect id="lambert2_012-effect">
      <profile_COMMON>
        <technique sid="common">
          <lambert>
            <emission>
              <color sid="emission">0 0 0 1</color>
            </emission>
            <diffuse>
              <color sid="diffuse">0.4 0.4 0.4 1</color>
            </diffuse>
            <transparent opaque="A_ONE">
              <color sid="alpha">0 0 0 0</color>
            </transparent>
            <index_of_refraction>
              <float sid="ior">1.5</float>
            </index_of_refraction>
          </lambert>
        </technique>
      </profile_COMMON>
    </effect>
    <effect id="blinn1_001-effect">
      <profile_COMMON>
        <technique sid="common">
          <lambert>
            <emission>
              <color sid="emission">0 0 0 1</color>
            </emission>
            <diffuse>
              <color sid="diffuse">0.012 0.012 0.012 1</color>
            </diffuse>
            <reflectivity>
              <float sid="specular">0.5</float>
            </reflectivity>
            <transparent opaque="A_ONE">
              <color sid="alpha">0 0 0 0</color>
            </transparent>
            <index_of_refraction>
              <float sid="ior">1.5</float>
            </index_of_refraction>
          </lambert>
        </technique>
      </profile_COMMON>
    </effect>
    <effect id="pasted__blinn1-effect">
      <profile_COMMON>
        <technique sid="common">
          <lambert>
            <emission>
              <color sid="emission">0 0 0 1</color>
            </emission>
            <diffuse>
              <color sid="diffuse">0.012 0.012 0.012 1</color>
            </diffuse>
            <reflectivity>
              <float sid="specular">0.5</float>
            </reflectivity>
            <transparent opaque="A_ONE">
              <color sid="alpha">0 0 0 0</color>
            </transparent>
            <index_of_refraction>
              <float sid="ior">1.5</float>
            </index_of_refraction>
          </lambert>
        </technique>
      </profile_COMMON>
    </effect>
    <effect id="blinn1_002-effect">
      <profile_COMMON>
        <technique sid="common">
          <lambert>
            <emission>
              <color sid="emission">0 0 0 1</color>
            </emission>
            <diffuse>
              <color sid="diffuse">0.012 0.012 0.012 1</color>
            </diffuse>
            <reflectivity>
              <float sid="specular">0.5</float>
            </reflectivity>
            <transparent opaque="A_ONE">
              <color sid="alpha">0 0 0 0</color>
            </transparent>
            <index_of_refraction>
              <float sid="ior">1.5</float>
            </index_of_refraction>
          </lambert>
        </technique>
      </profile_COMMON>
    </effect>
    <effect id="pasted__blinn1_001-effect">
      <profile_COMMON>
        <technique sid="common">
          <lambert>
            <emission>
              <color sid="emission">0 0 0 1</color>
            </emission>
            <diffuse>
              <color sid="diffuse">0.012 0.012 0.012 1</color>
            </diffuse>
            <reflectivity>
              <float sid="specular">0.5</float>
            </reflectivity>
            <transparent opaque="A_ONE">
              <color sid="alpha">0 0 0 0</color>
            </transparent>
            <index_of_refraction>
              <float sid="ior">1.5</float>
            </index_of_refraction>
          </lambert>
        </technique>
      </profile_COMMON>
    </effect>
    <effect id="lambert2_013-effect">
      <profile_COMMON>
        <technique sid="common">
          <lambert>
            <emission>
              <color sid="emission">0 0 0 1</color>
            </emission>
            <diffuse>
              <color sid="diffuse">0.1184 0.1184 0.1184 1</color>
            </diffuse>
            <transparent opaque="A_ONE">
              <color sid="alpha">0 0 0 0</color>
            </transparent>
            <index_of_refraction>
              <float sid="ior">1.5</float>
            </index_of_refraction>
          </lambert>
        </technique>
      </profile_COMMON>
    </effect>
    <effect id="lambert2_014-effect">
      <profile_COMMON>
        <technique sid="common">
          <lambert>
            <emission>
              <color sid="emission">0 0 0 1</color>
            </emission>
            <diffuse>
              <color sid="diffuse">0.8 0.8 0.8 1</color>
            </diffuse>
            <transparent opaque="A_ONE">
              <color sid="alpha">0 0 0 0</color>
            </transparent>
            <index_of_refraction>
              <float sid="ior">1.5</float>
            </index_of_refraction>
          </lambert>
        </technique>
      </profile_COMMON>
    </effect>
    <effect id="lambert2_015-effect">
      <profile_COMMON>
        <technique sid="common">
          <lambert>
            <emission>
              <color sid="emission">0 0 0 1</color>
            </emission>
            <diffuse>
              <color sid="diffuse">0.8 0.8 0.8 1</color>
            </diffuse>
            <transparent opaque="A_ONE">
              <color sid="alpha">0 0 0 0</color>
            </transparent>
            <index_of_refraction>
              <float sid="ior">1.5</float>
            </index_of_refraction>
          </lambert>
        </technique>
      </profile_COMMON>
    </effect>
  </library_effects>
  <library_images/>
  <library_materials>
    <material id="lambert2-material" name="lambert2">
      <instance_effect url="#lambert2-effect"/>
    </material>
    <material id="blinn1-material" name="blinn1">
      <instance_effect url="#blinn1-effect"/>
    </material>
    <material id="lambert2_001-material" name="lambert2.001">
      <instance_effect url="#lambert2_001-effect"/>
    </material>
    <material id="lambert2_002-material" name="lambert2.002">
      <instance_effect url="#lambert2_002-effect"/>
    </material>
    <material id="lambert2_003-material" name="lambert2.003">
      <instance_effect url="#lambert2_003-effect"/>
    </material>
    <material id="lambert2_004-material" name="lambert2.004">
      <instance_effect url="#lambert2_004-effect"/>
    </material>
    <material id="lambert2_005-material" name="lambert2.005">
      <instance_effect url="#lambert2_005-effect"/>
    </material>
    <material id="lambert2_006-material" name="lambert2.006">
      <instance_effect url="#lambert2_006-effect"/>
    </material>
    <material id="lambert2_007-material" name="lambert2.007">
      <instance_effect url="#lambert2_007-effect"/>
    </material>
    <material id="lambert2_008-material" name="lambert2.008">
      <instance_effect url="#lambert2_008-effect"/>
    </material>
    <material id="lambert2_009-material" name="lambert2.009">
      <instance_effect url="#lambert2_009-effect"/>
    </material>
    <material id="phong1-material" name="phong1">
      <instance_effect url="#phong1-effect"/>
    </material>
    <material id="lambert3-material" name="lambert3">
      <instance_effect url="#lambert3-effect"/>
    </material>
    <material id="lambert2_010-material" name="lambert2.010">
      <instance_effect url="#lambert2_010-effect"/>
    </material>
    <material id="lambert2_011-material" name="lambert2.011">
      <instance_effect url="#lambert2_011-effect"/>
    </material>
    <material id="lambert2_012-material" name="lambert2.012">
      <instance_effect url="#lambert2_012-effect"/>
    </material>
    <material id="blinn1_001-material" name="blinn1.001">
      <instance_effect url="#blinn1_001-effect"/>
    </material>
    <material id="pasted__blinn1-material" name="pasted__blinn1">
      <instance_effect url="#pasted__blinn1-effect"/>
    </material>
    <material id="blinn1_002-material" name="blinn1.002">
      <instance_effect url="#blinn1_002-effect"/>
    </material>
    <material id="pasted__blinn1_001-material" name="pasted__blinn1.001">
      <instance_effect url="#pasted__blinn1_001-effect"/>
    </material>
    <material id="lambert2_013-material" name="lambert2.013">
      <instance_effect url="#lambert2_013-effect"/>
    </material>
    <material id="lambert2_014-material" name="lambert2.014">
      <instance_effect url="#lambert2_014-effect"/>
    </material>
    <material id="lambert2_015-material" name="lambert2.015">
      <instance_effect url="#lambert2_015-effect"/>
    </material>
  </library_materials>
  <library_geometries>
    <geometry id="pSphere1Mesh-mesh" name="pSphere1Mesh">
      <mesh>
        <source id="pSphere1Mesh-mesh-positions">
          <float_array id="pSphere1Mesh-mesh-positions-array" count="1218">-0.625766 0.752916 -0.426905 -0.619352 0.809383 -0.290581 -0.620121 0.843499 -0.149397 -0.613198 0.855257 0 -0.620121 0.843499 0.149397 -0.619352 0.809383 0.29058 -0.625766 0.752916 0.426904 -0.425779 0 -0.904828 -0.430529 0.141546 -0.893688 -0.498286 0.629878 -0.703567 -0.491075 0.731278 -0.584843 -0.492167 0.81295 -0.457494 -0.488099 0.869684 -0.313988 -0.473248 0.90618 -0.156455 -0.470889 0.918534 0 -0.473248 0.90618 0.156454 -0.488099 0.869684 0.313987 -0.492167 0.812951 0.457494 -0.491075 0.731278 0.584843 -0.498286 0.629878 0.703567 -0.430529 0.141546 0.893687 -0.425779 0 0.904827 -0.309017 0 -0.951057 -0.311857 0.148778 -0.939348 -0.32135 0.293893 -0.904509 -0.336656 0.427885 -0.860168 -0.348075 0.552317 -0.805935 -0.359104 0.665824 -0.739514 -0.358057 0.771982 -0.622584 -0.354208 0.85803 -0.485864 -0.340429 0.916532 -0.322215 -0.327819 0.948902 -0.157831 -0.339996 0.960844 0 -0.327819 0.948902 0.157831 -0.340429 0.916532 0.322215 -0.354208 0.85803 0.485863 -0.358057 0.771982 0.622584 -0.359104 0.665824 0.739513 -0.348075 0.552317 0.805935 -0.336656 0.427885 0.860167 -0.32135 0.293893 0.904509 -0.311857 0.148778 0.939348 -0.309017 0 0.951057 -0.2278 -0.928157 -0.195351 -0.187381 0 -0.982288 -0.188837 0.153663 -0.970194 -0.195773 0.303543 -0.934211 -0.20495 0.442827 -0.886441 -0.2086459 0.571844 -0.830812 -0.216505 0.690108 -0.763798 -0.213988 0.800121 -0.643029 -0.2116259 0.886279 -0.500695 -0.1993499 0.94435 -0.322932 -0.194889 0.971562 -0.1624709 -0.193295 0.983294 0 -0.194889 0.971562 0.1624709 -0.1993499 0.94435 0.322931 -0.2116259 0.886279 0.500695 -0.213988 0.800121 0.643028 -0.216505 0.690109 0.763797 -0.2086459 0.571845 0.830811 -0.20495 0.442827 0.88644 -0.195773 0.303544 0.934211 -0.188837 0.1536639 0.970194 -0.187381 0 0.982288 -0.226739 -0.928157 0.177334 -0.254106 -0.946764 -0.01107698 -0.08514899 -0.951447 -0.222797 -0.06325095 0.156126 -0.98574 -0.065557 0.308407 -0.94918 -0.06859397 0.450355 -0.899548 -0.06945496 0.581692 -0.843116 -0.07240396 0.702347 -0.776036 -0.07166498 0.814302 -0.653332 -0.06890797 0.899679 -0.496875 -0.066154 0.957646 -0.32493 -0.06253898 0.986552 -0.163537 -0.06278997 0.998027 0 -0.06253898 0.986552 0.163537 -0.066154 0.957646 0.324929 -0.06890797 0.899679 0.496875 -0.07166498 0.814302 0.653332 -0.07240396 0.702347 0.776036 -0.06945496 0.581692 0.843115 -0.06859397 0.450356 0.899547 -0.065557 0.308407 0.94918 -0.06325095 0.156126 0.98574 -0.08514899 -0.951445 0.200644 -0.095447 -0.973927 0.001409947 0.08514899 -0.951447 -0.222797 0.06325095 0.156126 -0.98574 0.065557 0.308407 -0.94918 0.06859397 0.450355 -0.899548 0.06945496 0.581692 -0.843116 0.07240396 0.702347 -0.776036 0.07166498 0.814302 -0.653332 0.06890797 0.899679 -0.496875 0.066154 0.957646 -0.32493 0.06900298 0.986552 -0.163537 0.06278997 0.998027 0 0.06900298 0.986552 0.163537 0.066154 0.957646 0.324929 0.06890797 0.899679 0.496875 0.07166498 0.814302 0.653332 0.07240396 0.702347 0.776036 0.06945496 0.581692 0.843115 0.06859397 0.450356 0.899547 0.065557 0.308407 0.94918 0.06325095 0.156126 0.98574 0.08514899 -0.951445 0.200644 0.09544599 -0.973927 0.001409947 0.226661 -0.928157 -0.196645 0.187381 0 -0.982288 0.188837 0.153663 -0.970194 0.195773 0.303543 -0.934211 0.20495 0.442827 -0.886441 0.2086459 0.571844 -0.830812 0.216505 0.690108 -0.763798 0.213988 0.800121 -0.643029 0.2116259 0.886279 -0.500695 0.1993499 0.94435 -0.322932 0.201353 0.971562 -0.1624709 0.199759 0.983294 0 0.201353 0.971562 0.1624709 0.1993499 0.94435 0.322931 0.2116259 0.886279 0.500695 0.213988 0.800121 0.643028 0.216505 0.690109 0.763797 0.2086459 0.571845 0.830811 0.20495 0.442827 0.88644 0.195773 0.303544 0.934211 0.188837 0.1536639 0.970194 0.187381 0 0.982288 0.227722 -0.928157 0.1760399 0.254106 -0.946764 -0.01107698 0.309017 0 -0.951057 0.311857 0.148778 -0.939348 0.32135 0.293893 -0.904509 0.336656 0.427885 -0.860168 0.348075 0.552317 -0.805935 0.359104 0.665824 -0.739514 0.358057 0.771982 -0.622584 0.354208 0.85803 -0.485864 0.340429 0.916532 -0.322215 0.327819 0.948902 -0.157831 0.327938 0.961417 0 0.327819 0.948902 0.157831 0.340429 0.916532 0.322215 0.354208 0.85803 0.485863 0.358057 0.771982 0.622584 0.359104 0.665824 0.739513 0.348075 0.552317 0.805935 0.336656 0.427885 0.860167 0.32135 0.293893 0.904509 0.311857 0.148778 0.939348 0.309017 0 0.951057 0.425779 0 -0.904828 0.430529 0.141546 -0.893688 0.439646 0.279607 -0.860542 0.456367 0.406743 -0.817887 0.481125 0.524069 -0.765956 0.498286 0.629878 -0.703567 0.491075 0.731278 -0.584843 0.492167 0.81295 -0.457494 0.488099 0.869684 -0.313988 0.473248 0.90618 -0.156455 0.470889 0.918534 0 0.473248 0.90618 0.156454 0.488099 0.869684 0.313987 0.492167 0.812951 0.457494 0.491075 0.731278 0.584843 0.498286 0.629878 0.703567 0.481125 0.524069 0.765956 0.456367 0.406744 0.817886 0.439646 0.279607 0.860542 0.430529 0.141546 0.893687 0.425779 0 0.904827 0.535827 0 -0.844328 0.543071 0.132082 -0.833933 0.55226 0.260912 -0.803004 0.572841 0.380902 -0.758233 0.598173 0.489543 -0.706119 0.619476 0.677455 -0.545739 0.625766 0.752916 -0.426905 0.619352 0.809383 -0.290581 0.620121 0.843499 -0.149397 0.613198 0.855257 0 0.620121 0.843499 0.149397 0.619352 0.809383 0.29058 0.625766 0.752916 0.426904 0.619476 0.677456 0.545738 0.598173 0.489544 0.706119 0.572841 0.380902 0.758233 0.55226 0.260912 0.803004 0.543071 0.132082 0.833933 0.535827 0 0.844328 0.624646 -0.128692 -0.745772 0.637639 0 -0.770514 0.647736 0.120535 -0.761027 0.656581 0.238102 -0.732802 0.704189 0.447376 -0.637685 0.718529 0.536757 -0.5728 0.737321 0.681257 -0.384664 0.735077 0.732137 -0.261829 0.7396 0.762633 -0.134241 0.731919 0.773198 0 0.7396 0.762633 0.134241 0.735077 0.732137 0.261829 0.737321 0.681257 0.384664 0.718529 0.536757 0.572799 0.704189 0.447376 0.637684 0.656581 0.238102 0.732802 0.647736 0.120535 0.761027 0.637639 0 0.770513 0.624646 -0.128692 0.745772 0.714356 -0.115514 -0.662566 0.73034 0 -0.684548 0.742783 0.107087 -0.67612 0.750736 0.211537 -0.651043 0.786815 0.39967 -0.55901 0.812859 0.477079 -0.499807 0.82489 0.545632 -0.424319 0.849859 0.642231 -0.232617 0.844547 0.669806 -0.117758 0.841743 0.679074 0 0.844547 0.669806 0.117758 0.849859 0.642231 0.232616 0.82489 0.545633 0.424319 0.812859 0.477079 0.499806 0.786815 0.39967 0.55901 0.750736 0.211537 0.651043 0.742783 0.107087 0.676119 0.73034 0 0.684547 0.714356 -0.115514 0.662566 0.811395 0 -0.587786 0.825026 0.09194999 -0.580549 0.833175 0.181636 -0.559017 0.87572 0.412454 -0.420387 0.900501 0.468648 -0.356099 0.913864 0.515496 -0.279124 0.916263 0.551528 -0.191108 0.908338 0.574473 -0.09656298 0.903359 0.582348 0 0.908338 0.574473 0.09656298 0.916263 0.551528 0.191108 0.913864 0.515496 0.279124 0.900501 0.468648 0.356099 0.87572 0.412454 0.420386 0.833175 0.181636 0.559017 0.825026 0.09194999 0.580549 0.811395 0 0.587785 0.879119 0 -0.481754 0.889794 0.07536298 -0.475823 0.898352 0.14887 -0.458175 0.902474 0.218712 -0.429246 0.955928 0.42563 -0.2217079 0.966716 0.45309 -0.1520749 0.968326 0.470755 -0.07711398 0.964421 0.477733 0 0.968326 0.470755 0.07711297 0.966716 0.45309 0.1520749 0.955928 0.42563 0.2217079 0.902474 0.218712 0.429246 0.898352 0.14887 0.458175 0.889794 0.07536298 0.475823 0.879119 0 0.481754 0.944368 0.05758696 -0.363593 0.953869 0.113757 -0.350107 0.957541 0.167125 -0.328002 0.982004 0.350018 -0.113787 0.984747 0.363357 -0.05762898 0.984747 0.363357 0.05762898 0.982004 0.350018 0.113787 0.957541 0.167125 0.328001 0.953869 0.113757 0.350107 0.944368 0.05758696 0.363592 0.992 0.1129029 -0.221584 0.996176 0.146176 -0.201194 0.997506 0.17585 -0.17585 0.997506 0.201194 -0.146176 0.997506 0.221584 -0.1129029 0.997506 0.221584 0.1129029 0.997506 0.201194 0.146176 0.997506 0.17585 0.17585 0.996176 0.146176 0.201194 0.992 0.1129029 0.221584 1.013452 0.1116729 -0.05689996 1.013604 0.119199 -0.03872996 1.013114 0.12379 -0.01960599 1.013114 0.12379 0.01960599 1.013604 0.119199 0.03872996 1.013452 0.1116729 0.05689996 -0.009930312 -0.578 1.07 -0.009930312 -0.6579999 1.07 -0.009930312 -0.71 1.07 0.009929955 -0.578 1.07 0.009929895 -0.662 1.07 0.009929895 -0.71 1.07 0.009929895 -0.578 -1.07 -0.009930312 -0.578 -1.07 1.07 -0.578 0.009930133 1.07 -0.578 -0.009930133 -1.046089 -0.794 -0.00999993 -1.0508 -0.7927026 -0.00999993 -1.057461 -0.7899999 -0.00999993 -1.069418 -0.7779999 -0.00999993 -1.07 -0.7768164 -0.00999993 -1.063835 -0.786 -0.00999993 -1.0412 -0.7950822 -0.00999993 -1.066842 -0.7833157 -0.00999993 -1.039491 -0.7953808 -0.00999993 -1.046089 -0.794 0.00999999 -1.0508 -0.7927026 0.00999999 -1.057461 -0.7899999 0.00999999 -1.07 -0.7768164 0.00999999 -1.069418 -0.7779999 0.00999999 -1.066842 -0.7833157 0.00999999 -1.063835 -0.786 0.00999999 -1.0412 -0.7950822 0.00999999 -1.039491 -0.7953808 0.00999999 -0.01000022 -0.7927026 1.0508 -0.01000022 -0.79 1.05746 -0.01000022 -0.778 1.069418 -0.01000022 -0.7768164 1.07 -0.01000022 -0.786 1.063835 -0.01000022 -0.7950822 1.0412 -0.01000022 -0.7833157 1.066842 -0.01000022 -0.7953809 1.039491 0.009999752 -0.7927026 1.0508 0.009999752 -0.79 1.05746 0.009999752 -0.7768164 1.07 0.009999752 -0.778 1.069418 0.009999752 -0.7833157 1.066842 0.009999752 -0.786 1.063835 0.009999752 -0.7950822 1.0412 0.009999752 -0.7953809 1.039491 0.004999756 -0.702 -1.07 0.009999692 -0.7927026 -1.0508 0.009999692 -0.79 -1.05746 0.009999692 -0.778 -1.069418 0.009999692 -0.7768164 -1.07 0.009999692 -0.786 -1.063835 0.009999692 -0.7950822 -1.0412 0.009999692 -0.7833158 -1.066842 0.009999692 -0.7953809 -1.039491 -0.01000022 -0.702 -1.07 -0.01000022 -0.7927026 -1.0508 -0.01000022 -0.79 -1.05746 -0.01000022 -0.7768164 -1.07 -0.01000022 -0.778 -1.069418 -0.01000022 -0.7833158 -1.066842 -0.01000022 -0.786 -1.063835 -0.01000022 -0.7950822 -1.0412 -0.01000022 -0.7953809 -1.039491 1.046088 -0.7940002 0.00999999 1.0508 -0.7927027 0.00999999 1.05746 -0.7900001 0.00999999 1.07 -0.7768165 0.00999999 1.06748 -0.7820001 0.00999999 1.063835 -0.7860001 0.00999999 1.066842 -0.7833158 0.00999999 1.039491 -0.795381 0.00999999 1.046088 -0.7940002 -0.00999993 1.0508 -0.7927027 -0.00999993 1.05746 -0.7900001 -0.00999993 1.07 -0.7768165 -0.00999993 1.06748 -0.7820001 -0.00999993 1.066842 -0.7833158 -0.00999993 1.063835 -0.7860001 -0.00999993 1.039491 -0.795381 -0.00999993 -1.313209 0.4762706 0.1316415 -1.311354 0.4803944 0.1302765 -1.313623 0.3252894 0.1313486 -1.313623 0.4747107 0.1313486 -1.31269 0.4781754 0.1309037 -1.310646 0.4808761 0.1319539 -1.312004 0.4786437 0.1325278 -1.309105 0.4819472 0.1313033 -1.309171 0.4723327 -0.1300078 -1.307412 0.4762437 -0.1287132 -1.309563 0.4708533 -0.1297301 -1.308679 0.4741391 -0.1293081 -1.30674 0.4767004 -0.1303041 -1.305963 0.4772534 -0.1280671 -1.308028 0.4745833 -0.1308484 -1.305279 0.4777162 -0.129687 -1.315 0.3718149 0.375 -1.304477 0.3718149 0.4414387 -1.273939 0.3718149 0.501374 -1.226374 0.3718149 0.5489389 -1.166439 0.3718149 0.5794773 -1.315 0.3698486 0.375 -1.304477 0.3698486 0.4414387 -1.273939 0.3698486 0.501374 -1.226374 0.3698486 0.5489389 -1.166439 0.3698486 0.5794773 -1.166439 0.3718149 -0.5794773 -1.226374 0.3718149 -0.5489386 -1.273939 0.3718149 -0.5013738 -1.304477 0.3718149 -0.4414387 -1.315 0.3718149 -0.375 -1.166439 0.3698486 -0.5794773 -1.226374 0.3698486 -0.5489386 -1.273939 0.3698486 -0.5013738 -1.304477 0.3698486 -0.4414387 -1.315 0.3698486 -0.375</float_array>
          <technique_common>
            <accessor source="#pSphere1Mesh-mesh-positions-array" count="406" stride="3">
              <param name="X" type="float"/>
              <param name="Y" type="float"/>
              <param name="Z" type="float"/>
            </accessor>
          </technique_common>
        </source>
        <source id="pSphere1Mesh-mesh-normals">
          <float_array id="pSphere1Mesh-mesh-normals-array" count="1884">-0.3675941 0.08245331 -0.9263239 -0.3140254 0.04648703 -0.9482759 -0.3687799 0.04612588 -0.9283717 -0.2972694 0.1341176 -0.9453272 -0.3966836 0.6013054 -0.693595 -0.2984574 0.7664647 -0.5687312 -0.2677237 0.6047465 -0.7500705 -0.3437496 0.9309151 -0.1234232 -0.2463878 0.9390435 -0.239772 -0.3744914 0.8891063 -0.2631471 -0.230816 0.9646474 -0.1271989 -0.2305398 0.9730629 0 -0.3564269 0.9342858 0.00835669 -0.3445455 0.9306193 0.1234354 -0.2307701 0.96466 0.1271865 -0.2461936 0.9392349 0.239221 -0.3688922 0.8920642 0.2610368 -0.3043426 0.767005 0.5648705 -0.3760294 0.6252374 0.6838715 -0.2938222 0.6099043 0.7359928 -0.3180204 0.04795944 0.9468702 -0.2988951 0.1348707 0.9447072 -0.368183 0.07951349 0.9263471 -0.3693571 0.04816919 0.9280384 -0.2448688 0.07059139 -0.966983 -0.1870312 0.1549953 -0.9700495 -0.2841999 0.2431427 -0.9274222 -0.1759849 0.2647671 -0.9481181 -0.2736373 0.3234037 -0.9058326 -0.1675365 0.346483 -0.9229741 -0.2717566 0.4114516 -0.8699748 -0.1642037 0.4315055 -0.8870401 -0.1499672 0.9063137 -0.3951019 -0.2917908 0.8589004 -0.4208897 -0.1445298 0.9593373 -0.2424522 -0.1408296 0.9825082 -0.1218391 -0.1445301 0.9593375 0.2424514 -0.1360165 0.9836005 0.1184473 -0.158867 0.9035299 0.3979889 -0.2831009 0.8610731 0.4223827 -0.167536 0.3464841 0.9229738 -0.1616982 0.432079 0.8872212 -0.2738648 0.4203338 0.8650535 -0.2735241 0.3168171 0.9081913 -0.1760548 0.2647015 0.9481233 -0.2838419 0.2327947 0.930183 -0.1870313 0.1549957 0.9700493 -0.2427231 0.06988227 0.9675754 -0.0589534 0.2788514 -0.9585231 -0.05583113 0.3599005 -0.9313188 -0.05463749 0.4399306 -0.8963682 -0.04781746 0.8083002 -0.5868257 -0.17629 0.5989632 -0.7811306 -0.1778164 0.7908189 -0.5856507 -0.04206842 0.6203624 -0.7831864 -0.136133 0.9906902 -8.80459e-4 -0.05508351 0.9908103 -0.1235352 -0.05698943 0.9983749 0 -0.05477958 0.9910326 0.1218755 -0.1640761 0.6232573 0.7646106 -0.05201387 0.8141165 0.5783674 -0.1796749 0.7893211 0.5871023 -0.0590586 0.6330639 0.7718434 -0.05583095 0.359902 0.9313182 -0.05463576 0.4399275 0.8963698 -0.05850422 0.2790665 0.9584881 -0.0820291 -0.9962811 0.02636766 -0.2666593 -0.9599136 -0.0863645 0.01035904 -0.9839526 -0.1781295 -0.1077096 -0.9903981 -0.086663 0.05895394 0.2788501 -0.9585235 -0.08309769 0.1894486 -0.9783681 0.08276927 0.1892001 -0.978444 0.05583173 0.3599001 -0.9313188 0.05463778 0.4399291 -0.8963689 0.05885958 0.6330733 -0.771851 0.04782575 0.8082963 -0.5868305 0.04883003 0.9669728 -0.2501587 -0.03819978 0.917408 -0.3961103 -0.0478267 0.9686328 -0.2438508 0.04122859 0.9168971 -0.3969885 0.05493927 0.9984897 -1.84053e-7 0.05531132 0.9910115 -0.1218073 0.04883199 0.9669742 0.250153 -0.05534386 0.9679582 0.2449367 0.05545091 0.9910426 0.1214897 0.04114443 0.9174656 0.3956818 -0.03827571 0.917555 0.3957622 0.04782533 0.8082901 0.5868388 0.05885964 0.63308 0.7718455 0.09455621 -0.9954992 -0.006367385 0.1940374 -0.9743001 -0.1144063 0.1675364 0.3464829 -0.9229741 0.1790372 0.2647671 -0.9475464 0.1642037 0.4315056 -0.8870401 0.1865863 0.6208972 -0.7613621 0.1727508 0.7888254 -0.5898405 0.1376878 0.9597987 -0.2445989 0.1440417 0.9819467 -0.1226089 0.1409041 0.9900233 0 0.1440412 0.9819467 0.1226091 0.1448444 0.9587588 0.2445443 0.174917 0.6255753 0.7603024 0.174961 0.7871243 0.5914591 0.1633718 0.4345248 0.8857188 0.05291819 0.3603882 0.9313002 0.1675091 0.3465244 0.9229635 0.0545997 0.4402403 0.8962184 0.05895298 0.2788539 0.9585224 0.1760191 0.2647357 0.9481205 0.2669054 -0.9598209 -0.08663403 0.09567838 -0.9775053 -0.18796 0.3024262 0.1376379 -0.943183 0.243573 0.07515561 -0.9669663 0.1875222 0.1540291 -0.9701085 0.3148298 0.04689264 -0.9479892 0.2969313 0.2400466 -0.9242346 0.2885238 0.3163082 -0.9037163 0.2811053 0.4085239 -0.8683825 0.2474042 0.9386478 -0.2402737 0.1414803 0.8988745 -0.4147385 0.2910144 0.8678022 -0.402778 0.2364181 0.9635756 -0.1250149 0.2376025 0.9642179 0.1175973 0.2473744 0.9386787 0.2401839 0.162234 0.8998748 0.4048528 0.276979 0.8687552 0.4105448 0.2795794 0.4173866 0.8646525 0.2885234 0.3163086 0.9037163 0.2968905 0.2400754 0.9242402 0.1878312 0.1551108 0.9698764 0.3024292 0.1376366 0.9431823 0.2405099 0.07288753 0.9679062 0.3180307 0.04801213 0.9468641 0.4173163 0.1218303 -0.900558 0.4321795 0.004546701 -0.9017762 0.4157891 0.2127836 -0.8842186 0.4152235 0.2748255 -0.8672143 0.4170321 0.3630133 -0.83325 0.4189199 0.5744116 -0.7032478 0.2689443 0.5912026 -0.7603607 0.3021715 0.7617692 -0.5730621 0.4068515 0.7383174 -0.5379213 0.3410588 0.932149 -0.121562 0.3799893 0.8904658 -0.2503578 0.3418709 0.9319871 0.1205173 0.3693833 0.8947375 0.2509996 0.4187262 0.574079 0.7036347 0.3083069 0.7624379 0.5688896 0.2966425 0.5786287 0.7597317 0.4134047 0.7311723 0.5426635 0.4170242 0.3630046 0.8332579 0.4152208 0.2748255 0.8672155 0.4157472 0.2127725 0.8842411 0.4173178 0.1218296 0.9005574 0.4379382 0.005886375 0.8989859 0.5237726 0.1869381 -0.8310935 0.5274735 0.1000493 -0.8436598 0.5257014 0.1906254 0.8290356 0.5243753 0.1012703 0.8454436 0.6253503 0.1602758 -0.7637073 0.6268713 0.07279098 -0.7757151 0.6466827 0.3064728 -0.6984812 0.5431761 0.235385 -0.805949 0.5678906 0.3759074 -0.7322527 0.6435091 0.4458242 -0.6222033 0.4816154 0.87635 -0.00757718 0.6127718 0.7824688 -0.1106954 0.4885475 0.8626819 -0.1307721 0.6036396 0.7972574 2.04542e-7 0.6096522 0.7844482 0.1138651 0.4957104 0.8597137 0.1231413 0.6643354 0.442219 0.6025784 0.5479195 0.3375441 0.7654072 0.653913 0.305221 0.6922702 0.5380699 0.2388613 0.8083478 0.6273511 0.1694024 0.7600879 0.62338 0.07471126 0.7783416 0.7236738 0.1366962 -0.6764692 0.7185928 0.04268974 -0.6941196 0.7634762 0.6054368 -0.2248347 0.6030655 0.7550587 -0.2572907 0.7339355 0.6738076 -0.08556801 0.7462357 0.631927 0.2092858 0.6098136 0.7506314 0.2543227 0.7429593 0.6616649 0.1010496 0.7220872 0.1464781 0.6761171 0.7144858 0.0422604 0.6983724 0.8812509 0.3891784 -0.268211 0.8581386 0.4825958 -0.1752127 0.8602806 0.5079584 -0.04353928 0.7419157 0.6703239 -0.01507449 0.8402852 0.5421448 -6.61355e-7 0.8493764 0.5263738 0.03860682 0.8581376 0.4825979 0.1752122 0.8580595 0.4171867 0.2994815 0.8184831 0.1101493 0.563873 0.8004984 0.004569292 0.5993176 0.7117274 -0.1299432 0.6903325 0.7868139 -0.1339517 0.6024789 0.8459337 -0.08400118 -0.5266309 0.8000962 -0.004332721 -0.5998561 0.8646796 -0.02847343 -0.5015161 0.7898035 -0.1209971 -0.6013072 0.8736897 0.0769459 -0.4803602 0.8117856 0.1041451 -0.5745937 0.8758246 0.07495141 0.4767741 0.8660252 -0.03031998 0.4990805 0.92091 0.04609322 0.3870405 0.8907368 -0.03479301 0.453186 0.9630866 0.08093506 -0.2567368 0.9427639 0.09958499 -0.3182439 0.9677252 0.07085537 -0.2418419 -0.2216032 -0.6092582 -0.7613781 0.2369578 -0.7568103 -0.609171 -0.2352738 -0.7594674 -0.606511 0.1511524 -0.6321278 -0.7599787 -0.09185695 -0.9003616 -0.425337 0.152861 -0.9249169 -0.3480839 -0.1576736 -0.9320099 -0.3263384 0.08699607 -0.8988089 -0.4296211 0.08031773 -0.9843624 -0.1567792 -0.08201402 -0.9798025 -0.1823755 -0.03457742 -0.9750941 -0.2190799 0.02165216 -0.9789521 -0.2029391 0.8995789 -0.4367583 0 0.7706816 -0.5576686 0.3083108 0.7495911 -0.6464804 -0.1420434 0.8810088 -0.4276351 0.2023654 0.6091486 -0.7568231 0.2369744 0.6065176 -0.7594113 -0.2354378 0.4230252 -0.9028083 -0.07737696 0.3567134 -0.905552 0.2296326 0.3581119 -0.9068902 -0.2220499 0.4317089 -0.8980488 0.08447438 -0.939866 0.2942872 0.1733411 -0.8844069 0.433169 0.1737505 -0.9610923 0.2737659 0.03679525 -0.7798392 0.6228785 0.06223583 -0.7637487 0.6454848 -0.006127715 -0.351043 0.9341886 0.06372255 -0.8942058 0.3871276 -0.2247852 -0.9150519 0.3591617 -0.1835291 -0.9225147 0.3264808 -0.2058563 -0.8633971 0.3907024 0.3192135 -0.979483 0.167715 0.1117357 -0.9893585 -0.08527451 0.1178898 -0.933939 -0.16609 0.3164998 -0.7700927 0.2811332 0.5726442 -0.8136737 -0.1302254 0.5665479 -0.5723165 0.391832 0.7203621 -0.6194049 -0.1523582 0.7701459 -0.4424929 -0.03830987 -0.8959534 -0.6193439 -0.1523563 -0.7701953 -0.5578848 0.4090938 -0.7220851 -0.4079154 0.305923 -0.860242 -0.7893333 -0.1711434 -0.5896296 -0.7357713 0.4076965 -0.5407626 -0.604789 -0.7963858 0 -0.5314263 -0.8468821 0.0194137 -0.5314073 -0.8468941 -0.01941388 0 0 1 0.3797397 0.02144151 0.9248449 0.3685768 3.82193e-4 0.9295973 0.3691424 1.75444e-6 0.9293729 0.368129 7.36323e-4 0.9297744 0.3685402 -0.002036869 0.9296096 0.3695345 7.30258e-7 0.9292171 -0.3691427 0 0.9293728 -0.3685768 3.82818e-4 0.9295973 -0.3797534 0.02143365 0.9248394 0.6836227 -0.3201454 0.6558712 0.6573299 -0.2439488 0.7130263 0.6709124 -0.305296 0.6757743 0.6383934 -0.09197008 0.7641959 0.5460141 -0.04501575 0.8365657 1 0 0 0.9774363 -0.2112308 4.84292e-6 0.5426422 -0.04215317 -0.8389056 0.03898054 0.1086175 0.9933191 0.06393796 0.1705779 0.9832677 -0.3695346 2.31478e-6 0.9292171 -0.3681291 7.41521e-4 0.9297745 0.9824453 0.1696853 -0.07751232 0.9453018 0.2353583 -0.2258563 0.9412373 0.2959756 -0.162698 -0.4031433 -0.03548413 0.9144487 -0.4300895 -0.01154327 0.9027126 -0.4136777 -0.02792346 0.9099952 -0.4435862 -0.02156019 0.8959723 -0.4694171 -0.06055361 0.8808978 -0.6342937 -0.3353973 0.6965488 -0.6248311 -0.3444132 0.7006894 0.8465396 0.1834233 0.4997265 0.6686976 -0.3250805 0.6687049 0.6739342 -0.3026254 0.6739663 0.7103333 -0.2289189 0.6655997 0.9800709 -0.1986481 9.98226e-7 0.6348683 -0.09729135 -0.7664703 0.7085236 -0.2313063 -0.6667021 0.6572943 -0.2414985 -0.7138926 0.710578 -0.1241931 -0.6925714 -0.06357526 0.1715979 0.9831137 -0.03898173 0.1086173 0.993319 -0.4118801 0.05993711 0.9092648 -0.4057093 0.581714 0.7049885 -0.363716 0.5984536 0.7138375 -0.649999 -0.393704 0.649999 -0.6228557 -0.3171688 0.7151606 -0.623074 -0.3410984 0.7038683 -0.6325219 -0.3320552 0.6997539 0.4693424 -0.747954 -0.4693426 0.4555264 -0.7478131 -0.4829818 -0.8999004 -0.4360955 0 -0.7894753 -0.6137824 0 -0.798022 -0.6024625 -0.0141341 0 -0.9706248 0.2405986 3.71368e-6 -0.965784 0.2593477 0 -0.9657828 0.2593525 -0.006946504 0.02329111 0.9997046 0 2.72237e-6 1 1.13915e-5 0.02430504 0.9997046 0.9464436 1.13409e-4 0.3228693 0.9432204 0.02264362 0.3313952 0.8210357 -0.1360665 0.5544245 0.8458431 -0.08516508 0.5265894 0 -2.64402e-7 -1 0 0 -1 0 -3.1535e-7 -1 -0.3840357 0.7635285 0.5191733 -0.3989285 0.8213462 0.4077335 -0.7572449 -0.366578 0.540556 -0.7500256 -0.3686423 0.5491489 -0.7564967 -0.3666217 0.5415731 -0.7586442 -0.3541485 0.5468437 -0.6539744 -0.3699393 -0.6598959 -0.2677524 -0.9634878 0 -0.1942325 -0.9809071 0.009760737 -0.2037512 -0.9790227 0 0.4448634 -0.4572123 0.7700998 0.6686967 -0.3250834 -0.6687043 0.6578739 -0.3468438 -0.6685068 0.8325449 -0.1312708 -0.5381793 0.8900214 -0.03927642 -0.4542238 0.9069066 0.02483659 -0.4205991 0.9484279 -0.01316207 -0.3167199 0.9464433 1.13357e-4 -0.3228701 0.6739343 -0.3026254 -0.6739663 0.6744256 -0.3038932 -0.6729035 0.4067554 0.8119419 0.418689 0.570941 0.6291076 0.5274941 0.515567 0.7583109 0.3989429 0.9876148 0.1557066 0.01930367 0.9976758 0.06752616 0.00911808 0.9960408 0.07887506 0.04100787 0.9867618 0.07602256 0.1432541 0.9928689 0.07510226 0.09258025 0.9773566 0.143543 0.1554661 0.9742425 0.0527625 0.219244 0.9806088 0.04991155 0.1895132 0.9552342 0.054403 0.2908061 0.959706 -0.006587445 0.2809292 0.9585206 0.02113771 0.2842386 0.8817919 0.1289438 -0.4536703 0.7603864 0.2044867 0.6164398 0.7870066 0.2913117 0.5438367 0.8459624 0.1931073 -0.4970486 0.7672443 0.3008782 -0.5663997 0.7610829 0.2110384 -0.6133642 -0.6919273 0.6676693 0.2746895 -0.441857 0.8364936 0.3241004 0.5167334 0.8181951 0.2520787 0.4097068 0.8137355 -0.4122804 0.2274719 0.9737705 -0.005254328 0 -0.9850689 0.172161 -0.03474843 -0.984474 0.172057 -0.9732915 -0.228284 0.02429193 -0.975034 -0.2193431 0.03460276 0.1795155 -0.983684 0.01183646 0.0959959 -0.9861029 0.135594 -0.1590258 -0.9871839 -0.01336771 -0.1473357 -0.9889675 0.01534754 0 -0.7460086 0.6659364 0 -0.7428076 0.669505 -0.5542837 -0.6209239 0.5542773 0.4693575 -0.7479434 0.4693445 0.3518385 -0.8674181 0.3518458 0.3519359 -0.867339 0.3519434 -0.3760051 -0.9266176 0 -0.3999515 -0.9165365 0 -0.9969173 0 -0.07846021 -0.9893593 -0.08529204 -0.1178706 0.5542718 -0.6209417 0.554269 0 -0.9266195 0.3760005 0 -0.9165384 0.3999468 0.6708002 -0.2997159 -0.6783787 0.6836227 -0.3201454 -0.6558712 0 -0.4409743 0.8975197 0 0.1140271 -0.9934777 4.38664e-4 0.1133447 -0.9935556 -2.54693e-4 0.1134102 -0.9935482 -0.4279599 0.9037846 -0.004881262 -0.7201842 0.657646 -0.2209903 0.9534712 -0.01425337 -0.3011473 0.9585206 0.02113771 -0.2842386 0.9625105 0.01671278 -0.2707293 0.9883394 0.1462858 -0.04225683 0.9977823 0.05294841 -0.0403366 0.9960407 0.07887506 -0.04100787 0.9806088 0.04991155 -0.1895132 0.9885857 0.1015813 -0.1112641 0.9956378 0.04087626 -0.08387285 0.9922025 0.03229248 -0.1203806 0.9928689 0.07510226 -0.09258025 0.9974022 0.06551462 0.02994722 0.9922187 0.1239733 0.01151591 0.9892442 0.1382259 0.04784798 0.9840205 0.1623468 0.07312577 0.9837736 0.152545 0.09444373 -0.649999 -0.3937038 0.649999 -0.6432576 -0.4056258 0.6493746 0.9491994 0.1790013 0.2588033 0.9550765 0.09400486 0.2810551 0.9551967 0.1176342 0.2715907 0.9500472 0.1417019 0.2780842 0.9307681 0.1094415 -0.348846 0.9310457 0.1146974 -0.3464078 0.8872877 0.1405256 0.4392872 0.7553004 0.4607837 0.4660468 0.742079 0.4761279 -0.4718271 0.8679279 0.2510783 0.428557 0.5576327 0.6409798 -0.5274379 -0.37516 0.9007298 -0.2189539 -0.4503588 0.8590382 0.2433733 -0.4413233 0.8884658 0.1259452 0.5130859 0.8210484 -0.2502446 -0.8471404 0.439899 0.2980639 0 -0.8470432 0.5315241 0.01941376 -0.8468856 0.5314207 -0.0194137 -0.8468828 0.5314252 -0.9994094 -0.03149384 0.01374459 -0.9995227 -0.03089302 0 -0.9993897 -0.03213238 -0.01370161 -0.9368602 -0.1369282 -0.321782 -0.9128986 -0.2740164 -0.3025412 -0.7522099 -0.3562418 -0.5543214 -0.7500742 -0.3686701 -0.549064 -0.7586664 -0.3541893 -0.5467864 -0.7677866 -0.3426846 -0.5413604 -0.7565125 -0.3666232 -0.54155 -0.5542796 -0.6209309 -0.5542736 -0.3519359 -0.867339 0.3519433 -0.3655974 -0.8671757 0.3381493 -0.3519324 -0.8673406 0.3519433 0.2338044 -0.9437232 0.2339274 0.256601 -0.9318322 0.2566026 0 -0.4361213 -0.8998879 -3.35573e-4 -0.4360684 -0.8999134 -0.4555624 -0.7477633 -0.4830249 -0.4693368 -0.7479566 -0.4693443 -0.4692487 -0.7374966 -0.4857001 -0.6008548 -0.7993582 0 -0.6325618 -0.3320564 -0.6997172 -0.6230671 -0.3411054 -0.7038711 2.39679e-5 -5.15057e-7 -1 0.3689843 1.29258e-4 -0.9294357 -0.6343587 -0.3353823 -0.6964968 -0.624861 -0.3444257 -0.7006567 0.9179815 0.1189303 0.3783724 -0.9610109 0.2730067 -0.04388076 0.995621 0.06451916 -0.06764775 0.98965 0.1346649 -0.04958164 0.9534863 0.2534385 0.1631954 -0.2475112 0.8238094 0.509977 -0.4744873 0.8225058 0.3136015 -0.468047 0.8216148 0.3253941 0.9900489 0.1175698 0.07733476 0.6451636 0.6519134 -0.3984633 0.6382619 0.6621447 0.3926656 -0.4070653 0.9060117 0.1159349 -0.4430534 0.8883857 -0.1203107 -0.4505427 0.8503707 -0.2718106 -0.3294917 0.829039 -0.4518071 -0.477416 0.8581529 0.188806 -0.587441 0.8092612 -0.003082811 -0.7262553 0.6702668 0.1526295 -0.8925801 0.4505002 -0.01871812 -0.722045 0.6916325 -0.01719474 0.9342662 0.3522204 0.05556613 -0.999923 -0.01212584 0.002636134 -0.9999104 0.01338458 0 0.3178372 -0.4134885 0.8532331 0.02645885 -0.4359565 0.8995788 -0.4830269 -0.7477604 0.455565 -0.4693463 -0.7479537 0.4693393 -0.4857021 -0.7374937 0.4692511 0.2654966 -0.9641118 0 0.265407 -0.9637864 -0.02597969 -0.2566018 -0.931835 0.2565914 -0.2338184 -0.9437199 0.2339266 -0.2475047 -0.9435264 0.2202256 0.1697226 -0.9707741 0.1696825 0.2006897 -0.9588883 0.2006415 0.2047879 -0.9784197 -0.02751314 0.1629208 -0.9865081 -0.01608008 0.2048864 -0.9787858 0 -0.9510564 0 -0.3090173 -0.4526625 -0.07648223 -0.8883958 0.2436096 0.06246316 -0.9678599 -0.127601 -0.9708408 0.2029438 -0.402676 -0.03472435 -0.9146838 -0.4136796 -0.02792614 -0.9099943 -0.3691962 -7.68501e-7 -0.9293516 0.8287647 0.3171887 -0.4610211 0.6688576 -0.3243917 -0.6688793 -0.4516991 0.8272318 -0.3341492 0.9893085 0.1282496 -0.06943082 0.9486361 0.3099963 -0.06318348 0.8755005 0.4825282 0.02579647 -0.10865 -0.9892749 0.0976231 -0.5361014 0.7987362 -0.2731592 -0.5164575 0.7130414 -0.4741769 -0.8163037 0.5455351 -0.1898414 0.5308423 0.7559224 -0.383129 -0.997314 0.07079815 -0.01877313 -0.9951915 0.0964806 -0.01689946 -0.9947355 0.09331768 -0.04234588 -0.930304 0.3465839 -0.120059 -0.8952202 0.3519491 -0.2733361 -0.9044954 0.4017035 -0.1432563 0.9967445 0.08062571 0 -0.3906276 0.82631 -0.4057363 -0.3655681 -0.867205 -0.3381058 -0.3519508 -0.8673331 -0.3519434 -0.3519232 -0.8673465 -0.3519378 -0.2566041 -0.9318336 -0.256594 -0.8974599 -0.4410963 0 -0.1975241 -0.9541471 0.2249168 -0.224954 -0.9541285 0.1975718 -0.2112575 -0.9543262 0.2112627 -0.1559169 -0.9706082 0.1833292 -0.1696538 -0.9707866 0.1696789 0.05292171 -0.9790309 0.1967178 0.01676428 -0.9827209 0.184333 0.2726016 -0.933084 0.2346118 0.1974433 -0.9602252 0.1974434 0.2345799 -0.9511905 -0.2005218 0.2006897 -0.9588883 -0.2006415 0.2338019 -0.9437245 -0.2339249 0.256598 -0.9318338 -0.2565999 -0.2654996 -0.964111 0 -0.2408754 -0.9705561 0 -0.3771353 0.7536469 -0.5383171 -0.3681221 7.34261e-4 -0.9297772 -0.3682712 -0.001867353 -0.9297166 -0.3691886 2.11539e-4 -0.9293545 -0.1961204 0.08499842 -0.976889 -0.9764284 -0.2158415 0 -0.9813454 -0.1922304 0.00300467 -0.9813554 -0.1921842 0.002597749 0.8658193 0.5002438 0.01063716 0.8683727 0.4958393 -0.008501887 0.8513348 0.5245409 -0.009275555 -0.2474948 -0.9435306 -0.2202191 -0.2338126 -0.943722 -0.2339243 -0.2249123 -0.954147 -0.1975299 -0.197529 -0.9541449 -0.2249217 -0.2112581 -0.9543259 -0.2112633 0 -0.4410881 -0.8974639 -0.02430254 -0.4409453 -0.8972049 -0.1696696 -0.9707811 0.1696952 -0.1505612 -0.9739332 0.1696633 -0.1975311 -0.9601891 0.197531 -0.01665323 -0.9827245 0.1843237 0.2972676 -0.9286293 -0.2219905 0.2031043 -0.9578608 -0.2031045 0.1784113 -0.9572822 -0.227553 0.1451233 -0.9701756 -0.1941614 0.985619 0.1687799 -0.008291542 0.9930626 0.1175879 0 0.3465338 0.9380362 0.001588582 0 0 -1 -0.1559945 -0.9705899 -0.1833606 -0.202983 -0.9578998 -0.2030419 -0.1842991 -0.9607704 -0.2072537 -0.1719254 -0.9839252 -0.04830068 2.85833e-7 3.79615e-6 1 0.4693599 -0.7479413 -0.4693455 0.4857155 -0.7374809 -0.4692572 -0.899889 -0.4361191 0 0 -0.9706259 0.2405939 -2.54004e-5 0.02429676 0.9997049 0 -5.61463e-6 1 0 -0.9850656 0.1721792 0 -0.7460194 0.6659243 0.4693387 -0.7479594 0.4693377 -0.3760139 -0.926614 0 0 -0.9266214 0.3759958 0 -0.4412627 0.897378 0 0.1140279 -0.9934775 6.55745e-5 0.1132209 -0.9935699 -0.5542721 -0.6209412 0.5542693 0.8994835 0.1709604 -0.4021219 0.8935723 0.1791055 -0.411643 0.9012595 0.1732921 -0.3971164 0 -0.8470461 0.5315195 -0.4857004 -0.737497 -0.4692478 -0.4693444 -0.7479568 -0.4693362 -0.5068767 0.679646 0.5302429 -0.4593185 0.8384935 0.2931815 -0.4690912 0.8329907 0.2933942 0 -0.4361116 0.8998926 -0.4692457 -0.7375018 0.4856951 -0.4693341 -0.7479615 0.4693391 0.2654752 -0.9641177 0 0.6689214 -0.324169 -0.6689236 0.9967445 0.08062571 0 -0.8974461 -0.4411243 0 -0.2654815 -0.964116 0 -0.9767358 -0.2138366 -0.01616179 -0.9749678 -0.2222796 -0.005443632 -0.9812945 -0.1910864 -0.02339619 0 -4.49396e-7 1 0 -0.441149 -0.8974339 0.9892559 0.138065 -0.04807257 0.9853546 0.1701422 0.01131093 0.9930625 0.1175879 0 0 9.77951e-7 -1</float_array>
          <technique_common>
            <accessor source="#pSphere1Mesh-mesh-normals-array" count="628" stride="3">
              <param name="X" type="float"/>
              <param name="Y" type="float"/>
              <param name="Z" type="float"/>
            </accessor>
          </technique_common>
        </source>
        <source id="pSphere1Mesh-mesh-map-0">
          <float_array id="pSphere1Mesh-mesh-map-0-array" count="4848">0.25 0.36 0.225 0.4 0.225 0.36 0.225 0.4 0.25 0.36 0.25 0.4 0.35 0.36 0.375 0.4 0.35 0.4 0.45 0.36 0.425 0.4 0.425 0.36 0.425 0.4 0.45 0.36 0.45 0.4 0.475 0.4 0.45 0.36 0.475 0.36 0.45 0.36 0.475 0.4 0.45 0.4 0.5 0.36 0.475 0.4 0.475 0.36 0.475 0.4 0.5 0.36 0.5 0.4 0.525 0.4 0.5 0.36 0.525 0.36 0.5 0.36 0.525 0.4 0.5 0.4 0.575 0.4 0.6 0.36 0.6 0.4 0.725 0.4 0.7 0.4 0.7 0.36 0.725 0.4 0.7 0.36 0.725 0.36 0.25 0.4 0.225 0.44 0.225 0.4 0.225 0.44 0.25 0.4 0.25 0.44 0.275 0.4 0.25 0.44 0.25 0.4 0.25 0.44 0.275 0.4 0.275 0.44 0.3 0.4 0.275 0.44 0.275 0.4 0.275 0.44 0.3 0.4 0.3 0.44 0.325 0.4 0.3 0.44 0.3 0.4 0.3 0.44 0.325 0.4 0.325 0.44 0.425 0.4 0.4 0.44 0.4 0.4 0.4 0.44 0.425 0.4 0.425 0.44 0.45 0.4 0.425 0.44 0.425 0.4 0.425 0.44 0.45 0.4 0.45 0.44 0.525 0.44 0.5 0.4 0.525 0.4 0.5 0.4 0.525 0.44 0.5 0.44 0.55 0.44 0.525 0.4 0.55 0.4 0.525 0.4 0.55 0.44 0.525 0.44 0.65 0.44 0.625 0.44 0.625 0.4 0.65 0.44 0.625 0.4 0.65 0.4 0.675 0.44 0.65 0.44 0.65 0.4 0.675 0.44 0.65 0.4 0.675 0.4 0.7 0.44 0.675 0.44 0.675 0.4 0.7 0.44 0.675 0.4 0.7 0.4 0.725 0.44 0.7 0.44 0.7 0.4 0.725 0.44 0.7 0.4 0.725 0.4 0.3 0.44 0.275 0.48 0.275 0.44 0.275 0.48 0.3 0.44 0.3 0.48 0.325 0.44 0.3 0.48 0.3 0.44 0.3 0.48 0.325 0.44 0.325 0.48 0.375 0.48 0.35 0.44 0.375 0.44 0.35 0.44 0.375 0.48 0.35 0.48 0.475 0.44 0.45 0.48 0.45 0.44 0.45 0.48 0.475 0.44 0.475 0.48 0.5 0.48 0.475 0.44 0.5 0.44 0.475 0.44 0.5 0.48 0.475 0.48 0.6 0.44 0.575 0.48 0.575 0.44 0.575 0.48 0.6 0.44 0.6 0.48 0.65 0.48 0.625 0.48 0.625 0.44 0.65 0.48 0.625 0.44 0.65 0.44 0.675 0.48 0.65 0.48 0.65 0.44 0.675 0.48 0.65 0.44 0.675 0.44 0.975 0.48 0.975 0.44 1 0.48 0.975 0.44 1 0.44 1 0.48 0.275 0.48 0.275 0.52 0.25 0.48 0.25 0.48 0.275 0.52 0.25 0.52 0.3 0.48 0.3 0.52 0.275 0.48 0.275 0.48 0.3 0.52 0.275 0.52 0.325 0.48 0.325 0.52 0.3 0.48 0.3 0.48 0.325 0.52 0.3 0.52 0.35 0.48 0.35 0.52 0.325 0.48 0.325 0.48 0.35 0.52 0.325 0.52 0.375 0.52 0.35 0.48 0.375 0.48 0.35 0.48 0.375 0.52 0.35 0.52 0.425 0.52 0.4 0.48 0.425 0.48 0.4 0.48 0.425 0.52 0.4 0.52 0.475 0.52 0.45 0.48 0.475 0.48 0.45 0.48 0.475 0.52 0.45 0.52 0.525 0.52 0.5 0.48 0.525 0.48 0.5 0.48 0.525 0.52 0.5 0.52 0.55 0.52 0.525 0.48 0.55 0.48 0.525 0.48 0.55 0.52 0.525 0.52 0.575 0.52 0.55 0.48 0.575 0.48 0.55 0.48 0.575 0.52 0.55 0.52 0.6 0.52 0.575 0.48 0.6 0.48 0.575 0.48 0.6 0.52 0.575 0.52 0.975 0.52 0.975 0.48 1 0.52 0.975 0.48 1 0.48 1 0.52 0.3 0.56 0.275 0.52 0.3 0.52 0.275 0.52 0.3 0.56 0.275 0.56 0.325 0.52 0.325 0.56 0.3 0.52 0.3 0.52 0.325 0.56 0.3 0.56 0.375 0.52 0.35 0.56 0.35 0.52 0.35 0.56 0.375 0.52 0.375 0.56 0.45 0.52 0.425 0.56 0.425 0.52 0.425 0.56 0.45 0.52 0.45 0.56 0.475 0.56 0.45 0.52 0.475 0.52 0.45 0.52 0.475 0.56 0.45 0.56 0.5 0.52 0.475 0.56 0.475 0.52 0.475 0.56 0.5 0.52 0.5 0.56 0.525 0.56 0.5 0.52 0.525 0.52 0.5 0.52 0.525 0.56 0.5 0.56 0.6 0.56 0.575 0.52 0.6 0.52 0.575 0.52 0.6 0.56 0.575 0.56 0.625 0.56 0.65 0.52 0.65 0.56 0.65 0.52 0.625 0.56 0.625 0.52 0.65 0.56 0.675 0.52 0.675 0.56 0.675 0.52 0.65 0.56 0.65 0.52 0.975 0.56 1 0.52 1 0.56 1 0.52 0.975 0.56 0.975 0.52 0.25 0.6 0.225 0.56 0.25 0.56 0.225 0.56 0.25 0.6 0.225 0.6 0.275 0.6 0.25 0.56 0.275 0.56 0.25 0.56 0.275 0.6 0.25 0.6 0.3 0.6 0.275 0.56 0.3 0.56 0.275 0.56 0.3 0.6 0.275 0.6 0.325 0.6 0.3 0.56 0.325 0.56 0.3 0.56 0.325 0.6 0.3 0.6 0.425 0.6 0.4 0.56 0.425 0.56 0.4 0.56 0.425 0.6 0.4 0.6 0.45 0.6 0.425 0.56 0.45 0.56 0.425 0.56 0.45 0.6 0.425 0.6 0.525 0.56 0.5 0.6 0.5 0.56 0.5 0.6 0.525 0.56 0.525 0.6 0.55 0.56 0.525 0.6 0.525 0.56 0.525 0.6 0.55 0.56 0.55 0.6 0.625 0.6 0.65 0.56 0.65 0.6 0.65 0.56 0.625 0.6 0.625 0.56 0.65 0.6 0.675 0.56 0.675 0.6 0.675 0.56 0.65 0.6 0.65 0.56 0.675 0.6 0.7 0.56 0.7 0.6 0.7 0.56 0.675 0.6 0.675 0.56 0.7 0.6 0.725 0.56 0.725 0.6 0.725 0.56 0.7 0.6 0.7 0.56 0.25 0.64 0.225 0.6 0.25 0.6 0.225 0.6 0.25 0.64 0.225 0.64 0.275 0.64 0.25 0.6 0.275 0.6 0.25 0.6 0.275 0.64 0.25 0.64 0.3 0.64 0.275 0.6 0.3 0.6 0.275 0.6 0.3 0.64 0.275 0.64 0.325 0.64 0.3 0.6 0.325 0.6 0.3 0.6 0.325 0.64 0.3 0.64 0.35 0.64 0.325 0.6 0.35 0.6 0.325 0.6 0.35 0.64 0.325 0.64 0.375 0.6 0.35 0.64 0.35 0.6 0.35 0.64 0.375 0.6 0.375 0.64 0.45 0.64 0.425 0.6 0.45 0.6 0.425 0.6 0.45 0.64 0.425 0.64 0.525 0.6 0.5 0.64 0.5 0.6 0.5 0.64 0.525 0.6 0.525 0.64 0.6 0.64 0.575 0.6 0.6 0.6 0.575 0.6 0.6 0.64 0.575 0.64 0.6 0.64 0.625 0.6 0.625 0.64 0.625 0.6 0.6 0.64 0.6 0.6 0.625 0.64 0.65 0.6 0.65 0.64 0.65 0.6 0.625 0.64 0.625 0.6 0.65 0.64 0.675 0.6 0.675 0.64 0.675 0.6 0.65 0.64 0.65 0.6 0.675 0.64 0.7 0.6 0.7 0.64 0.7 0.6 0.675 0.64 0.675 0.6 0.7 0.64 0.725 0.6 0.725 0.64 0.725 0.6 0.7 0.64 0.7 0.6 0.275 0.68 0.25 0.64 0.275 0.64 0.25 0.64 0.275 0.68 0.25 0.68 0.675 0.68 0.7 0.64 0.7 0.68 0.7 0.64 0.675 0.68 0.675 0.64 0.275 0.72 0.25 0.68 0.275 0.68 0.25 0.68 0.275 0.72 0.25 0.72 0.325 0.72 0.3 0.68 0.325 0.68 0.325 0.68 0.35 0.72 0.325 0.72 0.475 0.68 0.45 0.72 0.45 0.68 0.45 0.72 0.475 0.68 0.475 0.72 0.5 0.72 0.475 0.68 0.5 0.68 0.475 0.68 0.5 0.72 0.475 0.72 0.6 0.72 0.625 0.68 0.625 0.72 0.65 0.68 0.625 0.72 0.625 0.68 0.675 0.72 0.7 0.68 0.7 0.72 0.7 0.68 0.675 0.72 0.675 0.68 0.275 0.76 0.25 0.72 0.275 0.72 0.25 0.72 0.275 0.76 0.25 0.76 0.45 0.72 0.425 0.76 0.425 0.72 0.425 0.76 0.45 0.72 0.45 0.76 0.525 0.76 0.5 0.72 0.525 0.72 0.5 0.72 0.525 0.76 0.5 0.76 0.675 0.76 0.7 0.72 0.7 0.76 0.7 0.72 0.675 0.76 0.675 0.72 0.4 0.8 0.425 0.76 0.425 0.8 0.45 0.76 0.425 0.8 0.425 0.76 0.425 0.8 0.45 0.76 0.45 0.8 0.475 0.76 0.45 0.8 0.45 0.76 0.45 0.8 0.475 0.76 0.475 0.8 0.5 0.8 0.475 0.76 0.5 0.76 0.475 0.76 0.5 0.8 0.475 0.8 0.5 0.76 0.525 0.8 0.5 0.8 0.525 0.8 0.5 0.76 0.525 0.76 0.55 0.8 0.525 0.8 0.525 0.76 0.7 0.76 0.675 0.8 0.675 0.76 0.675 0.8 0.7 0.76 0.7 0.8 0.725 0.76 0.7 0.8 0.7 0.76 0.7 0.8 0.725 0.76 0.725 0.8 0.225 0.84 0.25 0.8 0.25 0.84 0.25 0.8 0.225 0.84 0.225 0.8 0.25 0.84 0.25 0.8 0.275 0.84 0.25 0.8 0.275 0.8 0.275 0.84 0.7 0.8 0.675 0.84 0.675 0.8 0.675 0.84 0.7 0.8 0.7 0.84 0.7 0.84 0.675 0.88 0.675 0.84 0.675 0.88 0.7 0.84 0.7 0.88 0.3 0.92 0.3 0.88 0.325 0.92 0 0 0 0 0 0 0 0 0 0 0 0 0 0 0 0 0 0 0 0 0 0 0 0 0 0 0 0 0 0 0 0 0 0 0 0 0 0 0 0 0 0 0 0 0 0 0 0 0 0 0 0 0 0 0 0 0 0 0 0 0 0 0 0 0 0 0 0 0 0 0 0 0 0 0 0 0 0 0 0 0 0 0 0 0 0 0 0 0 0 0 0 0 0 0 0 0 0 0 0 0 0 0 0 0 0 0 0 0 0 0 0 0 0 0 0 0 0 0 0 0 0 0 0 0 0 0 0 0 0 0 0 0 0 0 0 0 0 0 0 0 0 0 0 0 0 0 0 0 0 0 0 0 0 0 0 0 0 0 0 0 0 0.65 0.52 0.625 0.48 0.65 0.48 0 0 0 0 0 0 0 0 0 0 0 0 0.725 0.64 0.725 0.6 0 0 0.725 0.6 0 0 0 0 0.225 0.8 0.25 0.76 0.25 0.8 0 0 0 0 0 0 0 0 0 0 0 0 0 0 0 0 0 0 0.75 0.72 0.725 0.72 0 0 0.725 0.72 0.725 0.68 0 0 0.725 0.68 0.725 0.64 0 0 0 0 0 0 0 0 0.225 0.68 0.25 0.64 0.25 0.68 0.725 0.56 0 0 0.725 0.6 0.725 0.56 0.7 0.56 0 0 0.7 0.56 0.7 0.52 0 0 0.475 0.76 0.5 0.72 0.5 0.76 0 0 0 0 0 0 0.725 0.4 0.725 0.36 0 0 0.375 0.92 0.4 0.84 0.425 0.84 0 0 0 0 0 0 0 0 0 0 0 0 0 0 0 0 0 0 0.6 0.8 0.675 0.8 0.675 0.84 0 0 0 0 0 0 0 0 0 0 0 0 0.75 0.76 0.75 0.72 0 0 0 0 0 0 0 0 0.225 0.72 0.2 0.76 0.2 0.72 0.25 0.72 0.225 0.76 0.225 0.72 0.725 0.72 0.75 0.76 0.725 0.76 0.7 0.44 0.675 0.48 0.675 0.44 0.375 0.48 0.4 0.52 0.375 0.52 0.7 0.48 0.7 0.44 0 0 0.7 0.44 0.725 0.44 0 0 0.725 0.44 0.725 0.4 0 0 0.7 0.4 0 0 0.7 0.36 0 0 0 0 0 0 0.7 0.4 0.675 0.4 0 0 0.675 0.4 0.65 0.4 0 0 0.65 0.4 0.625 0.4 0 0 0.625 0.4 0.6 0.4 0 0 0.6 0.4 0.6 0.36 0 0 0.6 0.36 0 0 0 0 0 0 0 0 0 0 0 0 0 0 0 0 0 0 0 0 0 0 0 0 0 0 0 0 0 0 0 0 0 0 0 0 0 0 0 0 0 0 0 0 0 0 0.675 0.88 0.7 0.88 0 0 0.7 0.88 0.7 0.84 0 0 0.7 0.84 0.725 0.84 0 0 0.725 0.84 0.725 0.8 0 0 0.725 0.8 0.725 0.76 0 0 0.725 0.76 0.75 0.76 0 0 0.3 0.64 0.275 0.68 0.275 0.64 0.675 0.72 0.65 0.68 0.675 0.68 0.325 0.72 0.275 0.76 0.275 0.72 0.625 0.72 0.65 0.68 0.675 0.72 0.35 0.44 0.375 0.4 0.375 0.44 0 0 0 0 0 0 0.6 0.36 0.575 0.4 0 0 0.575 0.4 0.575 0.36 0 0 0.575 0.36 0.55 0.36 0 0 0.55 0.36 0 0 0 0 0.6 0.56 0.625 0.6 0.6 0.6 0.575 0.6 0.6 0.56 0.6 0.6 0 0 0 0 0 0 0 0 0 0 0 0 0 0 0 0 0 0 0 0 0 0 0 0 0 0 0 0 0 0 0 0 0 0 0 0 0 0 0 0 0 0 0.2 0.76 0.225 0.76 0 0 0.225 0.76 0.225 0.8 0 0 0.225 0.8 0.225 0.84 0 0 0.225 0.84 0.25 0.84 0 0 0.25 0.84 0.25 0.88 0 0 0.25 0.88 0.275 0.88 0 0 0.275 0.88 0 0 0 0 0 0 0.2 0.76 0 0 0.55 0.64 0.575 0.68 0.55 0.68 0.525 0.96 0.55 0.96 0 0 0.55 0.96 0 0 0 0 0.6 0.92 0.625 0.92 0 0 0.625 0.92 0.65 0.92 0 0 0.65 0.92 0 0 0 0 0.25 0.36 0 0 0 0 0.3 0.84 0.275 0.88 0.275 0.84 0.525 0.56 0.55 0.52 0.55 0.56 0.675 0.8 0 0 0.675 0.76 0.6 0.76 0.625 0.76 0.675 0.8 0 0 0.275 0.8 0.35 0.76 0.325 0.64 0.3 0.68 0.3 0.64 0.325 0.76 0.35 0.72 0.35 0.76 0.7 0.52 0.675 0.48 0.7 0.48 0 0 0 0 0 0 0 0 0 0 0 0 0.55 0.36 0.55 0.32 0 0 0 0 0.675 0.76 0.625 0.76 0.375 0.44 0.4 0.4 0.4 0.44 0.525 0.72 0.5 0.68 0.525 0.68 0.4 0.6 0.425 0.64 0.4 0.64 0.525 0.68 0.55 0.64 0.55 0.68 0.475 0.56 0.5 0.6 0.475 0.6 0 0 0 0 0 0 0 0 0 0 0 0 0 0 0 0 0 0 0.975 0.56 0 0 0.95 0.56 0 0 0 0 0 0 0 0 0 0 0 0 0 0 0 0 0 0 0 0 0 0 0 0 0 0 0 0 0 0 0 0 0 0 0 0 0 0 0 0 0 0 0 0 0 0 0 0 0 0 0 0 0 0 0 0 0 0 0 0 0.2 0.72 0.2 0.76 0 0 0 0 0 0 0 0 0 0 0.25 0.48 0.25 0.52 0 0 0 0.48 0 0 0.525 0.64 0.55 0.6 0.55 0.64 0.475 0.32 0 0 0 0 0.3 0.88 0.3 0.92 0.275 0.88 0.3 0.92 0 0 0.275 0.88 0.4 0.56 0.375 0.52 0.4 0.52 0.4 0.96 0.425 0.96 0 0 0.3 0.92 0.325 0.92 0 0 0.325 0.92 0.35 0.92 0 0 0.35 0.92 0.4 0.96 0 0 0.425 0.96 0.45 0.96 0 0 0.425 0.96 0 0 0.525 0.96 0.5 0.96 0 0 0.525 0.96 0 0 0.55 0.96 0.525 0.96 0 0 0.55 0.92 0.55 0.96 0.55 0.92 0.575 0.92 0.55 0.96 0.575 0.92 0.6 0.92 0.55 0.96 0 0 0 0 0 0 0.55 0.84 0.625 0.92 0.6 0.92 0.55 0.84 0 0 0.625 0.92 0 0 0.3 0.84 0 0 0.65 0.84 0 0 0.675 0.84 0.575 0.76 0.6 0.72 0.6 0.76 0.375 0.76 0.35 0.8 0.35 0.76 0.65 0.84 0 0 0.6 0.8 0.6 0.64 0.625 0.64 0.625 0.68 0.375 0.68 0.325 0.68 0.35 0.64 0.575 0.68 0.625 0.68 0.6 0.72 0.55 0.6 0.575 0.56 0.575 0.6 0.6 0.48 0.625 0.44 0.625 0.48 0.35 0.48 0.325 0.44 0.35 0.44 0 0 0 0 0 0 0 0 0 0 0 0 0.525 0.32 0.5 0.32 0 0 0.5 0.32 0.475 0.32 0 0 0.425 0.64 0.45 0.68 0.425 0.68 0.6 0.72 0.625 0.76 0.6 0.76 0 0 0 0 0 0 0 0 0 0 0 0 0 0 0 0 0 0 0.525 0.64 0.5 0.68 0.5 0.64 0.55 0.56 0.575 0.52 0.575 0.56 0 0 0 0 0 0 0 0 0 0 0 0 0 0 0 0 0 0 0 0 0 0 0 0 0 0 0 0 0 0 0 0 0 0 0 0 0 0 0 0 0 0 0 0 0 0 0 0 0 0 0 0 0 0 0 0 0 0 0 0 0 0 0 0 0 0 0 0 0 0 0 0 0 0 0 0 0 0 0 0 0 0 0 0 0 0 0 0 0 0 0 0 0 0 0 0 0 0 0 0 0 0 0 0 0 0 0 0 0 0 0 0 0 0 0 0 0 0 0 0 0 0 0 0 0 0 0.225 0.64 0.225 0.68 0 0 0.225 0.68 0.225 0.72 0 0 0.225 0.72 0.2 0.72 0 0 0.425 0.48 0.45 0.44 0.45 0.48 0 0 0 0 0 0 0.7 0.68 0.725 0.72 0.7 0.72 0.25 0.68 0.225 0.72 0.225 0.68 0.65 0.92 0.65 0.88 0.675 0.88 0 0 0.3 0.84 0.275 0.84 0 0 0.325 0.92 0.3 0.88 0 0 0 0 0 0 0.35 0.92 0.375 0.92 0.4 0.96 0.375 0.92 0.4 0.92 0.4 0.96 0.4 0.92 0 0 0.4 0.96 0 0 0.425 0.96 0.4 0.96 0 0 0.45 0.96 0.425 0.96 0 0 0.35 0.92 0.325 0.92 0.55 0.84 0.575 0.92 0.525 0.84 0.625 0.64 0.65 0.68 0.625 0.68 0 0 0.55 0.32 0.525 0.32 0.65 0.64 0.675 0.68 0.65 0.68 0.525 0.88 0 0 0.5 0.88 0.575 0.92 0.55 0.92 0 0 0.525 0.88 0.525 0.84 0.575 0.92 0.45 0.8 0.425 0.84 0.425 0.8 0.425 0.8 0.4 0.84 0.4 0.8 0.55 0.8 0.575 0.8 0.55 0.84 0.55 0.8 0.575 0.76 0.575 0.8 0.425 0.76 0.375 0.76 0.4 0.72 0.575 0.68 0.575 0.64 0.6 0.64 0.4 0.64 0.375 0.68 0.375 0.64 0.55 0.72 0.55 0.68 0.575 0.68 0.625 0.52 0.6 0.48 0.625 0.48 0 0 0 0 0 0 0.45 0.32 0.425 0.32 0 0 0.425 0.32 0 0 0 0 0 0 0 0 0 0 0 0 0 0 0 0 0.575 0.76 0.6 0.8 0.575 0.8 0.7 0.64 0.725 0.68 0.7 0.68 0.45 0.64 0.475 0.68 0.45 0.68 0 0 0 0 0 0 0 0 0 0 0 0 0.5 0.8 0.525 0.84 0.5 0.84 0 0 0 0 0 0 0 0 0 0 0 0 0.4 0.52 0.425 0.56 0.4 0.56 0.7 0.8 0.725 0.84 0.7 0.84 0 0 0 0 0 0 0 0 0 0 0 0 0 0 0 0 0 0 0 0 0 0 0 0 0 0 0 0 0 0 0 0 0 0 0 0 0 0 0 0 0 0 0 0 0 0 0 0 0 0 0 0 0 0 0 0 0 0 0 0 0 0 0 0 0 0 0 0 0 0 0 0 0 0 0 0 0 0 0 0 0 0 0 0 0 0 0 0 0 0 0.675 0.52 0.65 0.48 0.675 0.48 0.25 0.52 0.25 0.56 0 0 0.25 0.56 0.225 0.56 0 0 0.225 0.56 0.225 0.6 0 0 0.225 0.6 0.225 0.64 0 0 0 0 0.7 0.48 0 0 0.975 0.52 0.95 0.48 0.975 0.48 0 0 0 0 0 0 0 0 0 0 0 0 0.55 0.84 0.525 0.8 0.55 0.8 0.325 0.76 0.275 0.8 0.275 0.76 0.325 0.76 0.35 0.76 0.275 0.8 0 0 0.3 0.84 0 0 0 0 0 0 0 0 0.375 0.8 0.4 0.8 0.4 0.84 0.4 0.32 0 0 0.425 0.32 0.375 0.76 0.4 0.8 0.375 0.8 0.425 0.84 0.425 0.88 0.375 0.92 0.425 0.88 0.45 0.88 0.375 0.92 0 0 0.4 0.92 0.375 0.92 0.525 0.88 0.5 0.84 0.525 0.84 0.4 0.72 0.35 0.72 0.375 0.68 0.45 0.84 0.475 0.84 0.5 0.84 0.475 0.84 0.5 0.8 0.5 0.84 0.525 0.72 0.55 0.72 0.525 0.76 0.25 0.8 0.275 0.76 0.275 0.8 0.575 0.36 0.55 0.4 0.55 0.36 0.55 0.4 0.575 0.44 0.55 0.44 0.35 0.44 0.325 0.4 0.35 0.4 0.975 0.48 0.95 0.44 0.975 0.44 0 0 0 0 0 0 0 0 0 0 0 0 0 0 0 0 0 0 0.5 0.32 0.525 0.36 0.5 0.36 0.4 0.64 0.425 0.68 0.4 0.68 0 0 0 0 0 0 0 0 0 0 0 0 0 0 0 0 0 0 0 0 0 0 0 0 0 0 0 0 0 0 0.425 0.68 0.4 0.72 0.4 0.68 0.475 0.44 0.5 0.4 0.5 0.44 0.525 0.44 0.55 0.48 0.525 0.48 0.4 0.32 0.4 0.36 0 0 0.4 0.36 0 0 0 0 0 0 0 0 0 0 0 0 0 0 0 0 0 0 0 0 0 0 0 0 0 0 0 0 0 0 0 0 0 0 0 0 0 0 0 0 0.95 0.52 0.95 0.56 0 0 0.95 0.56 0 0 0 0 0.7 0.72 0.725 0.76 0.7 0.76 0.975 0.44 0 0 0 0 0 0 0 0 0 0 0 0 0 0 0 0 0 0 0 0 0 0 0 0 0 0 0 0 0.4 0.36 0.375 0.36 0 0 0.375 0.36 0.375 0.4 0 0 0.375 0.4 0.35 0.36 0 0 0.35 0.36 0 0 0 0 0 0 0.7 0.36 0 0 0.225 0.36 0.225 0.4 0 0 0.225 0.4 0 0 0 0 0.275 0.48 0.25 0.44 0.275 0.44 0.225 0.4 0.225 0.44 0 0 0.225 0.44 0.25 0.44 0 0 0.25 0.44 0.25 0.48 0 0 0.275 0.68 0.3 0.68 0.275 0.72 0.3 0.68 0.325 0.72 0.275 0.72 0 0 0 0 0 0 0.35 0.72 0.375 0.76 0.35 0.76 0 0 0 0 0 0 0.55 0.72 0.6 0.72 0.575 0.76 0.45 0.8 0.475 0.84 0.45 0.84 0.45 0.8 0.5 0.8 0.475 0.84 0.45 0.8 0.475 0.8 0.5 0.8 0.45 0.72 0.475 0.76 0.45 0.76 0.45 0.68 0.425 0.72 0.425 0.68 0.525 0.36 0.55 0.4 0.525 0.4 0 0 0 0 0 0 0.45 0.84 0.425 0.88 0.425 0.84 0.4 0.6 0.375 0.64 0.375 0.6 0.45 0.48 0.425 0.52 0.425 0.48 0.5 0.44 0.525 0.48 0.5 0.48 0 0 0 0 0 0 0 0 0 0 0 0 0 0 0 0 0 0 0 0 0 0 0 0 0 0 0 0 0 0 0.95 0.44 0.95 0.48 0 0 0 0 0 0 0 0 0.375 0.36 0.4 0.4 0.375 0.4 0.975 0.56 1 0.56 0 0 1 0.56 0 0 0 0 0 0 0 0 0 0 0.35 0.36 0.35 0.4 0 0 0.35 0.4 0.325 0.4 0 0 0.325 0.4 0.3 0.4 0 0 0.3 0.4 0.275 0.4 0 0 0.275 0.4 0.25 0.4 0 0 0.25 0.4 0.25 0.36 0 0 0.375 0.56 0.4 0.6 0.375 0.6 0.35 0.56 0.375 0.6 0.35 0.6 0.675 0.52 0.7 0.56 0.675 0.56 0.65 0.84 0.55 0.84 0 0 0 0 0.45 0.88 0.45 0.84 0.325 0.64 0.35 0.64 0.325 0.68 0.5 0.96 0 0 0 0 0.4 0.72 0.425 0.72 0.425 0.76 0.35 0.64 0.375 0.64 0.375 0.68 0.45 0.36 0.475 0.32 0.475 0.36 0.4 0.68 0.4 0.72 0.375 0.68 0.525 0.68 0.55 0.72 0.525 0.72 0.65 0.84 0.675 0.88 0.65 0.88 0.5 0.64 0.475 0.68 0.475 0.64 0.475 0.32 0.5 0.36 0.475 0.36 0 0 0.95 0.48 0.95 0.52 0 0 0 0 0 0 0.45 0.6 0.475 0.64 0.45 0.64 0.45 0.6 0.475 0.56 0.475 0.6 0 0 0 0 0 0 0 0 0 0 0 0 0 0 0 0 0 0 0.525 0.76 0.575 0.76 0.55 0.8 0.95 0.56 0.975 0.52 0.975 0.56 0 0.52 0 0 1 0.56 0.275 0.84 0.25 0.88 0.25 0.84 0.35 0.56 0.325 0.6 0.325 0.56 0.55 0.44 0.575 0.48 0.55 0.48 0.35 0.52 0.325 0.56 0.325 0.52 0.45 0.4 0.475 0.44 0.45 0.44 0.55 0.6 0.575 0.64 0.55 0.64 0.525 0.32 0.55 0.36 0.525 0.36 0.425 0.36 0.45 0.32 0.45 0.36 0.4 0.36 0.425 0.32 0.425 0.36 0.475 0.64 0.5 0.6 0.5 0.64 0 0.48 0 0.44 0 0 1 0.44 0.975 0.44 0 0 0.5 0.48 0.475 0.52 0.475 0.48 0.6 0.52 0.625 0.56 0.6 0.56 0.6 0.44 0.625 0.4 0.625 0.44 0.6 0.44 0.575 0.4 0.6 0.4 0.25 0.56 0.275 0.52 0.275 0.56 0.4 0.4 0.425 0.36 0.425 0.4 0.4 0.48 0.425 0.44 0.425 0.48 0.375 0.48 0.4 0.44 0.4 0.48 0 0 0 0 0 0 0 0 0 0 0 0 0.65 0.52 0.625 0.52 0.625 0.48 0.225 0.8 0.225 0.76 0.25 0.76 0 0 0 0 0 0 0.225 0.68 0.225 0.64 0.25 0.64 0.475 0.76 0.475 0.72 0.5 0.72 0.375 0.92 0.35 0.92 0.4 0.84 0.6 0.8 0.6 0.76 0.675 0.8 0 0 0 0 0 0 0.225 0.72 0.225 0.76 0.2 0.76 0.25 0.72 0.25 0.76 0.225 0.76 0.725 0.72 0.75 0.72 0.75 0.76 0.7 0.44 0.7 0.48 0.675 0.48 0.375 0.48 0.4 0.48 0.4 0.52 0 0 0 0 0 0 0 0 0 0 0 0 0 0 0 0 0 0 0 0 0 0 0 0 0 0 0 0 0 0 0.3 0.64 0.3 0.68 0.275 0.68 0.325 0.72 0.325 0.76 0.275 0.76 0.35 0.44 0.35 0.4 0.375 0.4 0 0 0 0 0 0 0.6 0.56 0.625 0.56 0.625 0.6 0.575 0.6 0.575 0.56 0.6 0.56 0 0 0 0 0 0 0 0 0 0 0 0 0 0 0 0 0 0 0.55 0.64 0.575 0.64 0.575 0.68 0.25 0.36 0 0 0 0 0.3 0.84 0.3 0.88 0.275 0.88 0.525 0.56 0.525 0.52 0.55 0.52 0 0 0.275 0.84 0.275 0.8 0.325 0.64 0.325 0.68 0.3 0.68 0.325 0.76 0.325 0.72 0.35 0.72 0.7 0.52 0.675 0.52 0.675 0.48 0 0 0.675 0.72 0.675 0.76 0.375 0.44 0.375 0.4 0.4 0.4 0.525 0.72 0.5 0.72 0.5 0.68 0.4 0.6 0.425 0.6 0.425 0.64 0.525 0.68 0.525 0.64 0.55 0.64 0.475 0.56 0.5 0.56 0.5 0.6 0 0 0 0 0 0 0.975 0.56 0 0 0 0 0 0 0 0 0 0 0 0 0 0 0 0 0 0 0 0 0 0 0 0 0 0 0 0 0 0 0 0 0 0 0 0 0 0 0 0 0 0 0 0 0 0 0 0 0 0 0 0 0 0 0 0 0.25 0.48 0 0 0 0.52 0 0.48 0.525 0.64 0.525 0.6 0.55 0.6 0.475 0.32 0.45 0.32 0 0 0.4 0.56 0.375 0.56 0.375 0.52 0 0 0 0 0 0 0 0 0.3 0.88 0.3 0.84 0.375 0.76 0.375 0.8 0.35 0.8 0.375 0.68 0.35 0.72 0.325 0.68 0.575 0.68 0.6 0.64 0.625 0.68 0.55 0.6 0.55 0.56 0.575 0.56 0.6 0.48 0.6 0.44 0.625 0.44 0.35 0.48 0.325 0.48 0.325 0.44 0.425 0.64 0.45 0.64 0.45 0.68 0.6 0.72 0.625 0.72 0.625 0.76 0.525 0.64 0.525 0.68 0.5 0.68 0.55 0.56 0.55 0.52 0.575 0.52 0 0 0 0 0 0 0 0 0 0 0 0 0 0 0 0 0 0 0 0 0 0 0 0 0 0 0 0 0 0 0 0 0 0 0 0 0.425 0.48 0.425 0.44 0.45 0.44 0.7 0.68 0.725 0.68 0.725 0.72 0.25 0.68 0.25 0.72 0.225 0.72 0.65 0.92 0.625 0.92 0.65 0.88 0 0 0 0 0 0 0.55 0.84 0.6 0.92 0.575 0.92 0.625 0.64 0.65 0.64 0.65 0.68 0 0 0 0 0.55 0.32 0.65 0.64 0.675 0.64 0.675 0.68 0.45 0.8 0.45 0.84 0.425 0.84 0.425 0.8 0.425 0.84 0.4 0.84 0.425 0.76 0.4 0.8 0.375 0.76 0.4 0.64 0.4 0.68 0.375 0.68 0.625 0.52 0.6 0.52 0.6 0.48 0.575 0.76 0.6 0.76 0.6 0.8 0.7 0.64 0.725 0.64 0.725 0.68 0.45 0.64 0.475 0.64 0.475 0.68 0.5 0.8 0.525 0.8 0.525 0.84 0.4 0.52 0.425 0.52 0.425 0.56 0.7 0.8 0.725 0.8 0.725 0.84 0 0 0 0 0 0 0 0 0 0 0 0 0 0 0 0 0 0 0 0 0 0 0 0 0 0 0 0 0 0 0 0 0 0 0 0 0 0 0 0 0 0 0 0 0 0 0 0 0.675 0.52 0.65 0.52 0.65 0.48 0 0 0.7 0.52 0.7 0.48 0.975 0.52 0.95 0.52 0.95 0.48 0.55 0.84 0.525 0.84 0.525 0.8 0 0 0 0 0 0 0.4 0.32 0 0 0 0 0.525 0.88 0.5 0.88 0.5 0.84 0.4 0.72 0.375 0.76 0.35 0.72 0.25 0.8 0.25 0.76 0.275 0.76 0.575 0.36 0.575 0.4 0.55 0.4 0.55 0.4 0.575 0.4 0.575 0.44 0.35 0.44 0.325 0.44 0.325 0.4 0.975 0.48 0.95 0.48 0.95 0.44 0 0 0 0 0 0 0.5 0.32 0.525 0.32 0.525 0.36 0.4 0.64 0.425 0.64 0.425 0.68 0 0 0 0 0 0 0.425 0.68 0.425 0.72 0.4 0.72 0.475 0.44 0.475 0.4 0.5 0.4 0.525 0.44 0.55 0.44 0.55 0.48 0 0 0 0 0 0 0.7 0.72 0.725 0.72 0.725 0.76 0.975 0.44 0.95 0.44 0 0 0 0 0 0 0 0 0 0 0.725 0.36 0.7 0.36 0.275 0.48 0.25 0.48 0.25 0.44 0 0 0 0 0 0 0 0 0 0 0 0 0.55 0.72 0.575 0.68 0.6 0.72 0.45 0.72 0.475 0.72 0.475 0.76 0.45 0.68 0.45 0.72 0.425 0.72 0.525 0.36 0.55 0.36 0.55 0.4 0 0 0 0 0 0 0.45 0.84 0.45 0.88 0.425 0.88 0.4 0.6 0.4 0.64 0.375 0.64 0.45 0.48 0.45 0.52 0.425 0.52 0.5 0.44 0.525 0.44 0.525 0.48 0 0 0 0 0 0 0 0 0 0 0 0 0.375 0.36 0.4 0.36 0.4 0.4 0.375 0.56 0.4 0.56 0.4 0.6 0.35 0.56 0.375 0.56 0.375 0.6 0.675 0.52 0.7 0.52 0.7 0.56 0.65 0.84 0 0 0.55 0.84 0 0 0.5 0.88 0.45 0.88 0.5 0.96 0.45 0.96 0 0 0.45 0.36 0.45 0.32 0.475 0.32 0.525 0.68 0.55 0.68 0.55 0.72 0.65 0.84 0.675 0.84 0.675 0.88 0.5 0.64 0.5 0.68 0.475 0.68 0.475 0.32 0.5 0.32 0.5 0.36 0 0 0 0 0.95 0.48 0 0 0 0 0 0 0.45 0.6 0.475 0.6 0.475 0.64 0.45 0.6 0.45 0.56 0.475 0.56 0.525 0.76 0.55 0.72 0.575 0.76 0.95 0.56 0.95 0.52 0.975 0.52 0.275 0.84 0.275 0.88 0.25 0.88 0.35 0.56 0.35 0.6 0.325 0.6 0.55 0.44 0.575 0.44 0.575 0.48 0.35 0.52 0.35 0.56 0.325 0.56 0.45 0.4 0.475 0.4 0.475 0.44 0.55 0.6 0.575 0.6 0.575 0.64 0.525 0.32 0.55 0.32 0.55 0.36 0.425 0.36 0.425 0.32 0.45 0.32 0.4 0.36 0.4 0.32 0.425 0.32 0.475 0.64 0.475 0.6 0.5 0.6 0.5 0.48 0.5 0.52 0.475 0.52 0.6 0.52 0.625 0.52 0.625 0.56 0.6 0.44 0.6 0.4 0.625 0.4 0.6 0.44 0.575 0.44 0.575 0.4 0.25 0.56 0.25 0.52 0.275 0.52 0.4 0.4 0.4 0.36 0.425 0.36 0.4 0.48 0.4 0.44 0.425 0.44 0.375 0.48 0.375 0.44 0.4 0.44</float_array>
          <technique_common>
            <accessor source="#pSphere1Mesh-mesh-map-0-array" count="2424" stride="2">
              <param name="S" type="float"/>
              <param name="T" type="float"/>
            </accessor>
          </technique_common>
        </source>
        <source id="pSphere1Mesh-mesh-map-1">
          <float_array id="pSphere1Mesh-mesh-map-1-array" count="4848">0 0 0 0 0 0 0 0 0 0 0 0 0 0 0 0 0 0 0 0 0 0 0 0 0 0 0 0 0 0 0 0 0 0 0 0 0 0 0 0 0 0 0 0 0 0 0 0 0 0 0 0 0 0 0 0 0 0 0 0 0 0 0 0 0 0 0 0 0 0 0 0 0 0 0 0 0 0 0 0 0 0 0 0 0 0 0 0 0 0 0 0 0 0 0 0 0 0 0 0 0 0 0 0 0 0 0 0 0 0 0 0 0 0 0 0 0 0 0 0 0 0 0 0 0 0 0 0 0 0 0 0 0 0 0 0 0 0 0 0 0 0 0 0 0 0 0 0 0 0 0 0 0 0 0 0 0 0 0 0 0 0 0 0 0 0 0 0 0 0 0 0 0 0 0 0 0 0 0 0 0 0 0 0 0 0 0 0 0 0 0 0 0 0 0 0 0 0 0 0 0 0 0 0 0 0 0 0 0 0 0 0 0 0 0 0 0 0 0 0 0 0 0 0 0 0 0 0 0 0 0 0 0 0 0 0 0 0 0 0 0 0 0 0 0 0 0 0 0 0 0 0 0 0 0 0 0 0 0 0 0 0 0 0 0 0 0 0 0 0 0 0 0 0 0 0 0 0 0 0 0 0 0 0 0 0 0 0 0 0 0 0 0 0 0 0 0 0 0 0 0 0 0 0 0 0 0 0 0 0 0 0 0 0 0 0 0 0 0 0 0 0 0 0 0 0 0 0 0 0 0 0 0 0 0 0 0 0 0 0 0 0 0 0 0 0 0 0 0 0 0 0 0 0 0 0 0 0 0 0 0 0 0 0 0 0 0 0 0 0 0 0 0 0 0 0 0 0 0 0 0 0 0 0 0 0 0 0 0 0 0 0 0 0 0 0 0 0 0 0 0 0 0 0 0 0 0 0 0 0 0 0 0 0 0 0 0 0 0 0 0 0 0 0 0 0 0 0 0 0 0 0 0 0 0 0 0 0 0 0 0 0 0 0 0 0 0 0 0 0 0 0 0 0 0 0 0 0 0 0 0 0 0 0 0 0 0 0 0 0 0 0 0 0 0 0 0 0 0 0 0 0 0 0 0 0 0 0 0 0 0 0 0 0 0 0 0 0 0 0 0 0 0 0 0 0 0 0 0 0 0 0 0 0 0 0 0 0 0 0 0 0 0 0 0 0 0 0 0 0 0 0 0 0 0 0 0 0 0 0 0 0 0 0 0 0 0 0 0 0 0 0 0 0 0 0 0 0 0 0 0 0 0 0 0 0 0 0 0 0 0 0 0 0 0 0 0 0 0 0 0 0 0 0 0 0 0 0 0 0 0 0 0 0 0 0 0 0 0 0 0 0 0 0 0 0 0 0 0 0 0 0 0 0 0 0 0 0 0 0 0 0 0 0 0 0 0 0 0 0 0 0 0 0 0 0 0 0 0 0 0 0 0 0 0 0 0 0 0 0 0 0 0 0 0 0 0 0 0 0 0 0 0 0 0 0 0 0 0 0 0 0 0 0 0 0 0 0 0 0 0 0 0 0 0 0 0 0 0 0 0 0 0 0 0 0 0 0 0 0 0 0 0 0 0 0 0 0 0 0 0 0 0 0 0 0 0 0 0 0 0 0 0 0 0 0 0 0 0 0 0 0 0 0 0 0 0 0 0 0 0 0 0 0 0 0 0 0 0 0 0 0 0 0 0 0 0 0 0 0 0 0 0 0 0 0 0 0 0 0 0 0 0 0 0 0 0 0 0 0 0 0 0 0 0 0 0 0 0 0 0 0 0 0 0 0 0 0 0 0 0 0 0 0 0 0 0 0 0 0 0 0 0 0 0 0 0 0 0 0 0 0 0 0 0 0 0 0 0 0 0 0 0 0 0 0 0 0 0 0 0 0 0 0 0 0 0 0 0 0 0 0 0 0 0 0 0 0 0 0 0 0 0 0 0 0 0 0 0 0 0 0 0 0 0 0 0 0 0 0 0 0 0 0 0 0 0 0 0 0 0 0 0 0 0 0 0 0 0 0 0 0 0 0 0 0 0 0 0 0 0 0 0 0 0 0 0 0 0 0 0 0 0 0 0 0 0 0 0 0 0 0 0 0 0 0 0 0 0 0 0 0 0 0 0 0 0 0 0 0 0 0 0 0 0 0 0 0 0 0 0 0 0 0 0 0 0 0 0 0 0 0 0 0 0 0 0 0 0 0 0 0 0 0 0 0 0 0 0 0 0 0 0 0 0 0 0 0 0 0 0 0 0 0 0 0 0 0 0 0 0 0 0 0 0 0 0 0 0 0 0 0 0 0 0 0 0 0 0 0 0 0 0 0 0 0 0 0 0 0 0 0 0 0 0 0 0 0 0 0 0 0 0 0 0 0 0 0 0 0 0 0 0 0 0 0 0 0 0 0 0 0 0 0 0 0 0 0 0 0 0 0 0 0 0 0 0 0 0 0 0 0 0 0 0 0 0 0 0 0 0 0 0 0 0 0 0 0 0 0 0 0 0 0 0 0 0 0 0 0 0 0 0 0 0 0 0 0 0 0 0 0 0 0 0 0 0 0 0 0 0 0 0 0 0 0 0 0 0 0 0 0 0 0 0 0 0 0 0 0 0 0 0 0 0 0 0 0 0 0 0 0 0 0 0 0 0 0 0 0 0 0 0 0 0 0 0 0 0 0 0 0 0 0 0 0 0 0 0 0 0 0 0 0 0 0 0.544408 0.498355 0.55 0.496789 0.55 0.496789 0.55 0.496789 0.544408 0.498355 0.544408 0.498355 0.558333 0.493469 0.563964 0.49 0.563964 0.49 0.563964 0.49 0.558333 0.493469 0.558333 0.493469 0.569543 0.48411 0.569543 0.48411 0.568921 0.485 0.569543 0.48411 0.568921 0.485 0.568921 0.485 0.541667 0.498687 0.544408 0.498355 0.544408 0.498355 0.544408 0.498355 0.541667 0.498687 0.541667 0.498687 0.544408 0.498355 0.55 0.496789 0.55 0.496789 0.55 0.496789 0.544408 0.498355 0.544408 0.498355 0.558333 0.493469 0.563964 0.49 0.563964 0.49 0.563964 0.49 0.558333 0.493469 0.558333 0.493469 0 0 0 0 0 0 0 0 0 0 0 0 0 0 0 0 0 0 0 0 0 0 0 0 0 0 0 0 0 0 0 0 0 0 0 0 0 0 0 0 0 0 0 0 0 0 0 0 0 0 0 0 0 0 0 0 0 0 0 0 0 0 0 0 0 0 0 0 0 0 0 0 0 0 0 0 0 0 0.55 0.496789 0.558333 0.493469 0.558333 0.493469 0 0 0 0 0 0 0 0 0 0 0 0 0.530867 0.5 0 0 0 0 0 0 0 0 0 0 0 0 0 0 0 0 0 0 0 0 0 0 0 0 0 0 0 0 0 0 0 0 0 0 0 0 0.530867 0.5 0 0 0.533333 0.499697 0 0 0.530867 0.5 0 0 0 0 0.530867 0.5 0 0 0 0 0.530867 0.5 0 0 0 0 0.530867 0.5 0 0 0 0 0 0 0 0 0 0 0 0 0 0 0 0 0 0 0 0 0 0 0 0 0 0 0 0 0 0 0 0 0 0 0 0 0 0 0 0 0 0 0 0 0 0 0 0 0 0 0 0 0 0 0 0 0.530867 0.5 0 0 0 0 0 0 0.530867 0.5 0 0 0.533333 0.499697 0.530867 0.5 0 0 0 0 0 0 0 0 0 0 0 0 0 0 0 0 0 0 0 0 0 0 0.533333 0.499697 0.530867 0.5 0 0 0.530867 0.5 0 0 0 0 0 0 0 0 0 0 0 0 0 0 0 0 0 0 0 0 0 0 0 0 0 0 0 0 0 0 0 0 0 0 0 0 0 0 0 0 0 0 0 0 0 0 0 0 0 0 0 0 0 0 0.55 0.496789 0.558333 0.493469 0 0 0 0 0 0 0 0 0 0 0 0 0 0 0 0 0 0 0 0 0 0 0 0 0 0 0 0 0 0 0 0 0 0 0 0 0 0 0 0 0 0 0 0 0.544408 0.498355 0 0 0 0 0 0 0.558333 0.493469 0 0 0.533333 0.499697 0.544408 0.498355 0.544408 0.498355 0 0 0.568921 0.485 0.568921 0.485 0.530867 0.5 0 0 0.530867 0.5 0 0 0 0 0.530867 0.5 0 0 0 0 0.530867 0.5 0 0 0 0 0.530867 0.5 0 0 0 0 0.530867 0.5 0 0 0 0 0.530867 0.5 0 0 0 0 0.530867 0.5 0 0 0 0 0 0 0 0 0 0 0 0 0 0 0 0 0 0 0 0 0 0 0 0 0 0 0 0 0 0 0 0 0 0 0 0 0 0 0 0 0 0 0 0 0 0 0 0 0 0 0 0 0 0 0 0 0 0 0 0 0 0 0 0 0 0 0 0 0 0 0 0 0 0 0 0 0 0 0 0 0 0 0 0 0.530867 0.5 0.533333 0.499697 0 0 0.533333 0.499697 0 0 0 0 0.544408 0.498355 0.544408 0.498355 0 0 0.566666 0.487546 0.568921 0.485 0.568921 0.485 0 0 0 0 0.544408 0.498355 0 0 0.530867 0.5 0 0 0 0 0 0 0 0 0 0 0 0 0 0 0 0 0 0 0 0 0 0 0 0 0 0 0 0 0 0 0 0 0 0 0 0 0 0 0 0 0 0 0 0 0 0 0 0 0 0 0 0 0 0 0 0 0 0 0 0 0 0 0 0 0 0 0 0 0 0 0 0 0 0 0 0 0 0 0 0 0 0 0 0 0 0 0 0 0 0 0 0 0 0 0 0 0 0 0 0 0 0 0 0 0 0 0 0 0 0 0 0 0 0 0 0 0 0 0 0 0 0 0 0 0 0 0 0 0 0 0 0 0 0 0 0 0 0 0 0 0 0 0 0 0 0 0 0 0 0 0 0 0 0 0 0 0 0 0 0 0 0 0 0 0 0 0 0 0 0 0 0 0 0 0 0 0 0 0 0 0 0 0 0 0 0 0 0 0 0 0 0 0 0 0 0 0 0 0 0 0.568921 0.485 0.569543 0.48411 0.569543 0.48411 0 0 0 0 0 0 0 0 0 0 0 0 0.568921 0.485 0.569543 0.48411 0.569543 0.48411 0.544408 0.498355 0.55 0.496789 0.55 0.496789 0.55 0.496789 0.55 0.496789 0 0 0 0 0 0 0 0 0.563964 0.49 0 0 0.558333 0.493469 0.558333 0.493469 0.563964 0.49 0.563964 0.49 0 0 0 0 0 0 0 0 0.55 0.496789 0.55 0.496789 0.558333 0.493469 0.563964 0.49 0.563964 0.49 0.530867 0.5 0 0 0.533333 0.499697 0 0 0 0 0 0 0.530867 0.5 0.533333 0.499697 0.533333 0.499697 0 0 0 0 0 0 0.569543 0.48411 0 0 0 0 0 0 0 0 0 0 0 0 0 0 0 0 0 0 0 0 0 0 0 0 0 0 0 0 0 0 0 0 0 0 0 0 0 0 0 0 0 0 0 0 0 0 0 0 0 0 0 0 0 0 0 0 0 0 0 0 0 0 0 0 0 0 0 0 0 0 0 0 0 0 0 0 0 0 0 0 0 0 0 0 0 0 0 0 0 0 0 0 0 0 0 0 0 0 0 0 0 0 0 0 0 0 0 0 0 0 0 0 0 0 0 0 0 0 0 0 0 0 0 0 0 0 0 0 0 0 0 0 0 0 0 0 0 0 0 0 0 0 0 0 0 0 0 0 0 0 0 0 0 0 0 0 0 0 0 0 0 0 0 0 0 0 0 0 0 0 0 0 0 0 0 0 0 0 0 0 0 0 0 0 0 0 0 0 0 0 0 0 0 0 0 0 0 0 0 0 0 0 0 0 0 0 0 0 0 0 0 0 0 0 0 0 0 0 0 0 0 0 0 0 0 0 0 0 0 0 0 0 0 0 0 0 0 0 0 0 0 0 0 0 0 0 0 0 0 0 0 0 0.558333 0.493469 0.558333 0.493469 0 0 0 0 0 0 0 0 0 0 0.530867 0.5 0 0 0 0 0.530867 0.5 0 0 0.533333 0.499697 0.530867 0.5 0 0 0.544408 0.498355 0 0 0.544408 0.498355 0.55 0.496789 0.55 0.496789 0.55 0.496789 0.55 0.496789 0.544408 0.498355 0 0 0 0 0 0 0.558333 0.493469 0.563964 0.49 0.558333 0.493469 0.563964 0.49 0.563964 0.49 0.558333 0.493469 0 0 0 0 0 0 0.566666 0.487546 0.563964 0.49 0 0 0.563964 0.49 0.558333 0.493469 0.563964 0.49 0 0 0.533333 0.499697 0.533333 0.499697 0.558333 0.493469 0 0 0.558333 0.493469 0.544408 0.498355 0.55 0.496789 0.55 0.496789 0 0 0 0 0 0 0 0 0.533333 0.499697 0 0 0 0 0 0 0 0 0 0 0 0 0 0 0 0 0 0 0 0 0 0 0 0 0 0 0 0 0 0 0.530867 0.5 0 0 0 0 0 0 0 0 0.530867 0.5 0.533333 0.499697 0 0 0 0 0 0 0 0 0 0 0 0 0 0 0 0 0 0 0 0 0 0 0 0 0 0 0 0 0 0 0 0 0 0 0 0 0 0 0 0 0 0 0 0 0 0 0 0 0 0 0 0 0 0 0 0 0 0 0 0 0 0 0 0 0 0 0 0 0 0 0 0 0 0 0 0 0 0 0 0 0 0 0 0 0 0 0 0 0 0 0 0 0 0 0 0 0 0 0 0 0 0 0 0 0 0 0 0 0 0 0 0 0 0 0 0 0 0 0 0 0 0 0 0 0 0 0 0 0 0 0 0 0 0 0 0 0 0 0 0 0 0 0 0 0 0 0 0 0 0 0 0 0 0 0 0 0 0 0 0 0 0 0 0 0 0 0 0 0 0 0 0 0 0 0 0 0 0 0 0 0 0 0 0 0 0 0 0 0 0 0 0 0 0 0 0 0 0 0 0 0 0 0 0 0 0 0 0 0 0 0 0 0 0 0 0 0 0 0 0 0 0 0 0 0 0 0 0 0 0 0 0 0 0 0 0 0 0 0 0 0 0 0 0 0 0 0 0 0 0 0 0 0 0 0 0 0 0 0 0 0.544408 0.498355 0.544408 0.498355 0.55 0.496789 0.558333 0.493469 0 0 0.558333 0.493469 0.55 0.496789 0.558333 0.493469 0 0 0.568921 0.485 0.568921 0.485 0.566666 0.487546 0.563964 0.49 0.563964 0.49 0.566666 0.487546 0.563964 0.49 0.563964 0.49 0.566666 0.487546 0.568921 0.485 0 0 0.569543 0.48411 0 0 0.568921 0.485 0 0 0 0 0 0 0.566666 0.487546 0.569543 0.48411 0 0 0 0 0 0 0 0 0 0 0 0 0 0 0.563964 0.49 0 0 0.558333 0.493469 0.563964 0.49 0.558333 0.493469 0.558333 0.493469 0 0 0.530867 0.5 0 0 0 0 0 0 0 0 0 0 0 0 0 0 0 0 0 0 0 0 0 0 0 0 0 0 0 0 0 0 0 0 0 0 0 0 0 0 0 0 0 0 0 0 0 0 0 0 0.530867 0.5 0 0 0 0 0 0 0 0 0 0 0 0 0 0 0 0 0 0 0 0 0 0 0 0 0 0 0 0 0 0 0 0 0.541667 0.498687 0.544408 0.498355 0 0 0 0 0 0 0 0 0 0 0 0 0 0 0 0 0 0 0 0 0 0 0 0 0 0 0 0 0 0 0 0 0 0 0 0 0 0 0 0 0 0 0 0 0 0 0 0 0 0 0 0 0 0 0 0 0 0 0 0 0 0 0 0 0 0 0 0 0 0 0 0 0 0 0 0 0 0 0 0 0 0 0 0 0 0 0 0 0 0 0 0 0 0 0 0 0 0 0 0 0 0 0 0 0 0 0 0 0 0 0 0 0 0 0 0 0 0 0 0 0 0 0 0 0 0 0 0 0 0 0 0 0 0 0 0 0 0 0 0 0 0 0 0 0 0 0 0 0 0 0 0 0 0 0 0 0 0 0 0 0 0 0 0 0 0 0 0 0 0 0 0 0 0 0 0 0 0 0 0 0 0 0 0 0 0 0.558333 0.493469 0.563964 0.49 0.558333 0.493469 0.563964 0.49 0.563964 0.49 0.558333 0.493469 0.563964 0.49 0.566666 0.487546 0.563964 0.49 0.530867 0.5 0.533333 0.499697 0.533333 0.499697 0.568921 0.485 0.568921 0.485 0.566666 0.487546 0.568921 0.485 0.569543 0.48411 0.568921 0.485 0 0 0 0 0 0 0 0 0 0 0.569543 0.48411 0 0 0 0 0 0 0 0 0.569543 0.48411 0.569543 0.48411 0.569543 0.48411 0 0 0 0 0 0 0 0 0 0 0 0 0.563964 0.49 0.566666 0.487546 0.563964 0.49 0.566666 0.487546 0.566666 0.487546 0 0 0 0 0 0 0 0 0 0 0 0 0 0 0 0 0 0 0 0 0 0 0 0 0 0 0 0 0 0 0 0 0 0 0 0 0 0 0 0 0 0 0 0 0 0 0 0 0 0 0 0 0 0 0 0 0 0 0 0 0 0 0 0 0 0 0 0 0 0 0 0 0 0 0 0 0 0 0 0 0.530867 0.5 0.530867 0.5 0 0 0 0 0 0 0 0 0 0 0 0 0 0 0 0 0 0 0 0 0 0 0 0 0 0 0 0 0 0 0 0 0 0 0 0 0 0 0 0 0 0 0 0 0 0 0 0 0 0 0 0 0 0 0 0 0 0 0 0 0 0 0 0 0 0 0 0 0 0 0 0 0 0 0 0 0 0 0 0 0 0 0 0 0.568921 0.485 0.566666 0.487546 0.563964 0.49 0.568921 0.485 0.568921 0.485 0 0 0.533333 0.499697 0.530867 0.5 0.530867 0.5 0.569543 0.48411 0.569543 0.48411 0.568921 0.485 0.569543 0.48411 0 0 0.569543 0.48411 0 0 0 0 0 0 0 0 0 0 0 0 0 0 0 0 0 0 0 0 0 0 0.569543 0.48411 0 0 0 0 0.569543 0.48411 0.569543 0.48411 0.568921 0.485 0.569543 0.48411 0 0 0 0 0 0 0 0 0 0 0 0 0 0 0 0 0 0 0 0 0 0 0 0 0 0 0 0 0 0 0 0 0 0 0 0 0 0 0 0 0 0 0 0 0 0 0 0 0 0 0 0 0 0 0 0 0 0 0 0 0 0 0 0 0 0 0 0 0 0 0 0 0 0 0 0 0 0 0 0 0 0 0 0 0 0 0 0 0 0 0 0 0 0 0 0 0 0 0 0 0 0 0 0 0 0 0 0 0 0 0 0 0 0 0 0 0 0 0 0 0 0 0 0 0 0 0 0 0 0 0 0 0 0 0 0 0 0 0 0 0 0 0 0 0 0 0 0 0 0 0.569543 0.48411 0.568921 0.485 0.568921 0.485 0.569543 0.48411 0 0 0.568921 0.485 0 0 0.569543 0.48411 0.568921 0.485 0 0 0 0 0 0 0 0 0 0 0 0 0 0 0 0 0 0 0 0 0 0 0 0 0 0 0 0 0 0 0 0 0 0 0 0 0 0 0 0 0 0 0 0 0 0 0 0 0 0 0 0 0 0 0 0 0 0 0 0 0 0 0 0 0 0 0 0 0 0 0 0 0 0 0 0 0 0 0 0 0 0 0.569543 0.48411 0 0 0 0 0.569543 0.48411 0 0 0 0 0 0 0 0 0 0 0 0 0 0 0 0 0 0 0 0 0 0 0 0 0 0 0 0 0 0 0 0 0 0 0 0 0 0 0 0 0 0 0 0 0 0 0 0 0.55 0.496789 0 0 0.558333 0.493469 0 0 0 0 0 0 0 0 0 0 0 0 0 0 0 0 0 0 0 0 0.530867 0.5 0 0 0 0 0 0 0 0 0 0 0 0 0 0 0 0 0 0 0 0 0 0 0 0 0 0 0.530867 0.5 0 0 0 0 0 0 0 0 0 0 0 0 0 0 0 0 0 0 0 0 0 0 0 0 0 0 0 0 0 0 0 0 0 0 0.55 0.496789 0.558333 0.493469 0.558333 0.493469 0 0 0 0 0.558333 0.493469 0.533333 0.499697 0 0 0.544408 0.498355 0 0 0 0 0.568921 0.485 0.530867 0.5 0 0 0 0 0 0 0 0 0 0 0 0 0 0 0 0 0 0 0 0 0 0 0 0 0 0 0 0 0 0 0 0 0 0 0 0 0 0 0 0 0.544408 0.498355 0.55 0.496789 0.544408 0.498355 0.566666 0.487546 0 0 0.568921 0.485 0 0 0 0 0 0 0 0 0 0 0 0 0 0 0 0 0 0 0 0 0 0 0 0 0 0 0 0 0 0 0 0 0 0 0 0 0 0 0 0 0 0 0 0 0 0 0 0 0 0 0 0 0 0 0 0 0 0 0 0 0 0 0 0 0 0 0 0 0 0 0 0 0 0 0 0 0 0 0 0 0 0 0 0 0 0 0 0 0 0 0.568921 0.485 0.568921 0.485 0.569543 0.48411 0 0 0.569543 0.48411 0 0 0.568921 0.485 0.568921 0.485 0.569543 0.48411 0.544408 0.498355 0.544408 0.498355 0.55 0.496789 0 0 0 0 0 0 0.558333 0.493469 0.558333 0.493469 0.563964 0.49 0 0 0 0 0 0 0 0 0.544408 0.498355 0.55 0.496789 0.558333 0.493469 0.558333 0.493469 0.563964 0.49 0.530867 0.5 0.530867 0.5 0.533333 0.499697 0 0 0 0 0 0 0.569543 0.48411 0 0 0 0 0 0 0 0 0 0 0 0 0 0 0 0 0 0 0 0 0 0 0 0 0.55 0.496789 0 0 0 0 0 0 0 0 0 0 0 0 0 0 0 0 0 0 0 0 0 0 0 0 0 0 0 0 0 0 0 0 0 0 0 0 0 0 0 0 0 0 0 0 0 0 0 0 0 0 0 0 0 0 0 0 0 0 0 0 0 0 0 0 0 0 0 0 0 0 0 0 0.558333 0.493469 0.544408 0.498355 0.544408 0.498355 0.55 0.496789 0 0 0 0 0 0 0 0 0 0 0.533333 0.499697 0.558333 0.493469 0.55 0.496789 0 0 0.544408 0.498355 0.544408 0.498355 0.55 0.496789 0 0 0 0 0 0 0 0 0 0 0 0 0 0 0 0 0 0 0 0 0 0 0 0 0 0 0 0 0 0 0 0 0 0 0 0 0 0 0 0 0 0 0 0 0 0 0 0 0 0 0 0 0 0 0 0 0 0 0 0 0 0 0 0 0 0 0 0 0 0 0 0 0 0 0 0 0 0 0 0 0 0 0 0 0 0 0 0 0 0 0 0 0 0 0 0 0 0 0 0 0 0 0 0 0 0 0 0 0 0 0 0 0 0 0 0 0 0 0 0 0 0 0 0 0.544408 0.498355 0.55 0.496789 0.558333 0.493469 0.558333 0.493469 0.558333 0.493469 0 0 0.55 0.496789 0 0 0.563964 0.49 0.568921 0.485 0.566666 0.487546 0.566666 0.487546 0.563964 0.49 0.566666 0.487546 0.569543 0.48411 0.569543 0.48411 0 0 0 0 0 0 0 0 0 0 0 0 0 0 0 0 0 0 0 0 0 0 0 0 0 0 0 0 0 0 0 0 0 0 0 0 0 0 0 0 0.541667 0.498687 0 0 0 0 0 0 0 0 0 0 0 0 0 0 0 0 0 0 0 0 0 0 0 0 0 0 0 0 0 0 0 0 0 0 0 0 0 0 0 0 0 0 0 0 0 0 0 0 0 0 0 0 0 0 0 0 0 0 0 0 0 0 0 0 0 0 0 0 0 0 0 0 0 0 0 0 0 0 0 0 0 0 0 0 0 0 0 0 0 0 0.530867 0.5 0.530867 0.5 0.533333 0.499697 0 0 0 0 0 0 0 0 0 0 0.569543 0.48411 0.563964 0.49 0.563964 0.49 0.566666 0.487546 0 0 0 0 0 0 0 0 0 0 0 0 0 0 0 0 0.530867 0.5 0 0 0 0 0 0 0 0 0 0 0 0 0 0 0 0 0 0 0 0 0 0 0 0 0 0 0 0 0 0 0 0 0 0 0 0 0 0 0 0 0 0 0 0 0 0 0 0 0 0 0 0 0 0 0 0 0 0 0 0 0.533333 0.499697 0.533333 0.499697 0.530867 0.5 0 0 0 0 0 0 0 0 0 0 0 0 0 0 0 0 0 0 0 0 0 0 0 0 0 0 0 0 0 0 0 0 0 0 0 0 0 0 0 0 0 0 0 0 0 0 0 0 0 0 0 0 0 0 0 0 0 0 0 0 0 0 0 0 0 0 0 0 0 0 0 0 0 0 0 0 0 0 0 0 0 0 0 0 0 0 0 0 0 0 0 0 0 0 0 0 0 0 0 0 0 0 0 0 0 0 0 0 0 0 0 0 0 0 0 0 0 0 0 0 0 0 0 0 0 0 0 0 0 0 0 0 0 0 0 0 0 0 0 0 0 0 0 0 0 0 0 0 0 0 0 0 0 0 0 0 0 0 0 0 0 0 0 0 0 0 0 0 0 0 0 0 0 0 0 0 0 0 0 0 0 0 0 0 0 0 0 0 0 0 0 0 0 0 0 0 0 0 0 0 0 0 0 0 0 0 0 0 0 0 0 0 0 0 0 0 0 0 0 0 0 0</float_array>
          <technique_common>
            <accessor source="#pSphere1Mesh-mesh-map-1-array" count="2424" stride="2">
              <param name="S" type="float"/>
              <param name="T" type="float"/>
            </accessor>
          </technique_common>
        </source>
        <source id="pSphere1Mesh-mesh-map-2">
          <float_array id="pSphere1Mesh-mesh-map-2-array" count="4848">0 0 0 0 0 0 0 0 0 0 0 0 0 0 0 0 0 0 0 0 0 0 0 0 0 0 0 0 0 0 0 0 0 0 0 0 0 0 0 0 0 0 0 0 0 0 0 0 0 0 0 0 0 0 0 0 0 0 0 0 0 0 0 0 0 0 0 0 0 0 0 0 0 0 0 0 0 0 0 0 0 0 0 0 0 0 0 0 0 0 0 0 0 0 0 0 0 0 0 0 0 0 0 0 0 0 0 0 0 0 0 0 0 0 0 0 0 0 0 0 0 0 0 0 0 0 0 0 0 0 0 0 0 0 0 0 0 0 0 0 0 0 0 0 0 0 0 0 0 0 0 0 0 0 0 0 0 0 0 0 0 0 0 0 0 0 0 0 0 0 0 0 0 0 0 0 0 0 0 0 0 0 0 0 0 0 0 0 0 0 0 0 0 0 0 0 0 0 0 0 0 0 0 0 0 0 0 0 0 0 0 0 0 0 0 0 0 0 0 0 0 0 0 0 0 0 0 0 0 0 0 0 0 0 0 0 0 0 0 0 0 0 0 0 0 0 0 0 0 0 0 0 0 0 0 0 0 0 0 0 0 0 0 0 0 0 0 0 0 0 0 0 0 0 0 0 0 0 0 0 0 0 0 0 0 0 0 0 0 0 0 0 0 0 0 0 0 0 0 0 0 0 0 0 0 0 0 0 0 0 0 0 0 0 0 0 0 0 0 0 0 0 0 0 0 0 0 0 0 0 0 0 0 0 0 0 0 0 0 0 0 0 0 0 0 0 0 0 0 0 0 0 0 0 0 0 0 0 0 0 0 0 0 0 0 0 0 0 0 0 0 0 0 0 0 0 0 0 0 0 0 0 0 0 0 0 0 0 0 0 0 0 0 0 0 0 0 0 0 0 0 0 0 0 0 0 0 0 0 0 0 0 0 0 0 0 0 0 0 0 0 0 0 0 0 0 0 0 0 0 0 0 0 0 0 0 0 0 0 0 0 0 0 0 0 0 0 0 0 0 0 0 0 0 0 0 0 0 0 0 0 0 0 0 0 0 0 0 0 0 0 0 0 0 0 0 0 0 0 0 0 0 0 0 0 0 0 0 0 0 0 0 0 0 0 0 0 0 0 0 0 0 0 0 0 0 0 0 0 0 0 0 0 0 0 0 0 0 0 0 0 0 0 0 0 0 0 0 0 0 0 0 0 0 0 0 0 0 0 0 0 0 0 0 0 0 0 0 0 0 0 0 0 0 0 0 0 0 0 0 0 0 0 0 0 0 0 0 0 0 0 0 0 0 0 0 0 0 0 0 0 0 0 0 0 0 0 0 0 0 0 0 0 0 0 0 0 0 0 0 0 0 0 0 0 0 0 0 0 0 0 0 0 0 0 0 0 0 0 0 0 0 0 0 0 0 0 0 0 0 0 0 0 0 0 0 0 0 0 0 0 0 0 0 0 0 0 0 0 0 0 0 0 0 0 0 0 0 0 0 0 0 0 0 0 0 0 0 0 0 0 0 0 0 0 0 0 0 0 0 0 0 0 0 0 0 0 0 0 0 0 0 0 0 0 0 0 0 0 0 0 0 0 0 0 0 0 0 0 0 0 0 0 0 0 0 0 0 0 0 0 0 0 0 0 0 0 0 0 0 0 0 0 0 0 0 0 0 0 0 0 0 0 0 0 0 0 0 0 0 0 0 0 0 0 0 0 0 0 0 0 0 0 0 0 0 0 0 0 0 0 0 0 0 0 0 0 0 0 0 0 0 0 0 0 0 0 0 0 0 0 0 0 0 0 0 0 0 0 0 0 0 0 0 0 0 0 0 0 0 0 0 0 0 0 0 0 0 0 0 0 0 0 0 0 0 0 0 0 0 0 0 0 0 0 0 0 0 0 0 0 0 0 0 0 0 0 0 0 0 0 0 0 0 0 0 0 0 0 0 0 0 0 0 0 0 0 0 0 0 0 0 0 0 0 0 0 0 0 0 0 0 0 0 0 0 0 0 0 0 0 0 0 0 0 0 0 0 0 0 0 0 0 0 0 0 0 0 0 0 0 0 0 0 0 0 0 0 0 0 0 0 0 0 0 0 0 0 0 0 0 0 0 0 0 0 0 0 0 0 0 0 0 0 0 0 0 0 0 0 0 0 0 0 0 0 0 0 0 0 0 0 0 0 0 0 0 0 0 0 0 0 0 0 0 0 0 0 0 0 0 0 0 0 0 0 0 0 0 0 0 0 0 0 0 0 0 0 0 0 0 0 0 0 0 0 0 0 0 0 0 0 0 0 0 0 0 0 0 0 0 0 0 0 0 0 0 0 0 0 0 0 0 0 0 0 0 0 0 0 0 0 0 0 0 0 0 0 0 0 0 0 0 0 0 0 0 0 0 0 0 0 0 0 0 0 0 0 0 0 0 0 0 0 0 0 0 0 0 0 0 0 0 0 0 0 0 0 0 0 0 0 0 0 0 0 0 0 0 0 0 0 0 0 0 0 0 0 0 0 0 0 0 0 0 0 0 0 0 0 0 0 0 0 0 0 0 0 0 0 0 0 0 0 0 0 0 0 0 0 0 0 0 0 0 0 0 0 0 0 0 0 0 0 0 0 0 0 0 0 0 0 0 0 0 0 0 0 0 0 0 0 0 0 0 0 0 0 0 0 0 0 0 0 0 0 0 0 0 0 0 0 0 0 0 0 0 0 0 0 0 0 0 0 0 0 0 0 0 0 0 0 0 0 0 0 0 0 0 0 0 0 0 0 0 0 0 0 0 0 0 0 0 0 0 0 0 0 0 0 0 0 0 0 0 0 0 0 0 0 0 0 0 0 0 0 0 0 0 0 0 0 0 0 0 0 0 0 0 0 0 0 0 0 0 0 0 0 0 0 0 0 0 0 0 0 0 0 0 0 0 0 0 0 0 0 0 0 0 0 0 0 0 0 0 0 0 0 0 0 0 0 0 0 0 0 0 0 0 0 0 0 0 0 0 0 0 0 0 0 0 0 0 0 0 0 0 0 0 0 0 0 0 0 0 0 0 0 0 0 0 0 0 0 0 0 0 0 0 0 0 0 0 0 0 0 0.475 0.5 0 0 0 0 0 0 0 0 0 0 0 0 0 0 0 0 0 0 0 0 0 0 0 0 0 0 0 0 0 0 0 0 0 0 0 0 0 0 0 0 0 0 0 0 0 0 0 0 0 0 0 0 0 0 0 0 0 0 0 0 0 0 0 0 0 0 0 0 0 0 0 0 0.475 0.5 0 0 0.475 0.5 0 0 0 0 0 0 0 0 0 0 0 0 0 0 0 0 0 0 0 0 0 0 0 0 0 0 0 0 0 0 0.475 0.5 0 0 0 0 0 0 0 0 0 0 0 0 0 0 0 0 0 0 0 0 0 0 0 0 0 0 0 0 0 0 0 0 0 0 0 0 0 0 0 0 0 0 0 0 0 0 0 0 0 0 0 0 0 0 0 0 0 0 0 0 0 0 0 0 0 0 0 0 0 0 0 0 0 0 0 0 0 0 0 0 0 0 0 0 0 0 0 0 0 0 0 0 0 0 0 0 0 0 0 0 0 0 0 0 0 0 0 0 0 0 0.475 0.5 0 0 0 0 0 0 0 0 0 0 0 0 0 0 0 0 0 0 0 0 0 0 0 0 0 0 0 0 0 0 0 0 0 0 0 0 0 0 0 0 0 0 0 0 0 0 0 0 0 0 0 0 0 0 0 0 0 0 0 0 0 0 0 0 0 0 0 0 0 0 0 0 0 0 0 0 0 0 0 0 0 0 0 0 0.475 0.5 0 0 0 0 0 0 0 0 0 0 0 0 0 0 0 0 0 0 0 0 0 0 0 0 0 0 0 0 0 0 0 0 0 0 0 0 0 0 0 0 0 0 0 0 0 0 0 0 0 0 0 0 0 0 0 0 0 0 0 0 0 0 0 0 0 0 0 0 0 0 0 0 0 0 0 0 0 0 0 0 0 0 0 0 0 0 0 0 0 0 0 0 0 0 0 0 0 0 0 0 0 0 0 0 0 0 0 0 0 0 0 0 0 0 0 0 0 0 0 0 0 0 0 0 0 0 0 0 0 0 0 0 0 0 0 0 0 0 0 0 0 0 0 0 0 0 0 0 0 0 0 0 0 0 0 0 0 0 0 0 0 0 0 0 0 0 0 0 0 0 0 0 0 0 0 0 0 0 0 0 0 0 0 0 0 0 0 0 0 0 0 0 0.475 0.5 0 0 0 0 0 0 0 0 0 0 0 0 0 0 0 0 0 0 0.475 0.5 0 0 0 0 0.475 0.5 0 0 0 0 0.475 0.5 0 0 0 0 0.475 0.5 0 0 0 0 0.475 0.5 0 0 0 0 0 0 0 0 0 0 0 0 0 0 0 0 0 0 0 0 0 0 0 0 0 0 0 0 0 0 0 0 0 0 0 0 0 0 0 0 0 0 0 0 0 0 0 0 0 0 0 0 0 0 0 0 0 0 0 0 0 0 0 0 0 0 0 0 0 0 0 0 0 0 0 0 0 0 0 0 0 0 0 0 0 0 0 0 0 0 0 0 0 0 0 0 0 0 0 0 0 0 0 0 0 0 0 0 0 0 0 0 0 0 0 0 0 0 0 0 0 0 0 0 0 0 0 0 0 0 0 0 0 0 0 0 0 0 0 0 0 0 0 0 0 0 0 0 0 0 0 0 0 0 0 0 0 0 0 0 0 0 0 0 0 0 0 0 0 0 0 0 0 0 0 0 0 0 0 0 0 0 0 0 0 0 0 0 0 0 0 0 0 0 0 0 0 0 0 0 0 0 0 0 0 0 0 0 0 0 0 0 0 0 0 0 0 0 0 0 0 0 0 0 0 0 0 0 0 0 0 0 0 0 0 0 0.475 0.5 0 0 0 0 0 0 0 0 0 0 0 0 0 0 0 0 0 0 0.475 0.5 0 0 0 0 0.475 0.5 0 0 0 0 0 0 0 0 0 0 0 0 0 0 0 0 0 0 0 0 0 0 0 0 0 0 0 0 0 0 0 0 0 0 0 0 0 0 0 0 0 0 0 0 0 0 0 0 0 0 0 0 0 0 0 0 0 0 0 0 0 0 0 0 0 0 0 0 0 0 0 0 0 0 0 0 0 0 0 0 0 0 0 0 0 0 0 0 0 0 0 0 0 0 0 0 0 0 0 0 0 0 0 0 0 0 0 0 0 0 0 0 0 0 0 0 0 0 0 0 0 0 0 0 0 0 0 0 0 0 0 0 0 0 0 0 0 0 0 0 0 0 0 0 0 0 0 0 0 0 0 0 0 0 0 0 0 0 0 0 0 0 0 0 0 0 0 0 0 0 0 0 0 0 0 0 0 0 0 0 0 0 0 0 0 0 0 0 0 0 0 0 0 0 0 0 0 0 0 0 0 0 0 0 0 0 0 0 0 0 0 0 0 0 0 0 0 0 0 0 0 0 0 0 0 0 0 0 0 0 0 0 0 0 0 0 0 0 0 0 0 0 0 0 0 0 0 0 0 0 0 0 0 0 0 0 0 0 0 0 0 0 0 0 0 0 0 0 0 0 0 0 0 0 0 0 0 0 0 0 0 0 0 0 0 0 0 0 0 0 0 0 0 0 0 0 0 0 0 0 0 0 0 0 0 0 0 0 0 0 0 0 0 0 0 0 0 0 0 0 0 0 0 0 0 0 0 0 0 0 0 0 0 0 0 0 0 0 0 0 0 0 0 0 0 0 0 0 0 0 0 0 0 0 0 0 0 0 0 0 0 0 0 0 0 0 0 0 0 0 0 0 0 0 0 0 0 0 0 0 0 0 0 0 0 0 0 0 0 0 0 0 0 0 0 0 0 0 0 0 0 0 0 0 0 0 0 0 0 0 0 0 0 0 0 0 0 0 0 0 0 0 0 0 0 0 0 0 0 0 0 0 0 0 0 0 0 0 0 0 0 0 0 0 0 0 0 0 0 0 0 0 0 0 0 0 0 0 0 0 0 0 0 0 0 0 0 0 0 0 0 0 0 0 0 0 0 0 0 0 0 0 0 0 0 0 0 0 0 0 0 0 0 0 0 0 0 0 0 0 0 0 0 0 0 0 0 0 0 0 0 0 0 0 0 0 0 0 0 0 0 0 0 0 0 0 0 0 0 0 0 0 0 0 0 0 0 0 0 0 0 0 0 0 0 0 0 0 0 0 0 0 0 0 0 0 0 0 0 0 0 0 0 0 0 0 0 0 0 0 0 0 0 0 0 0 0 0 0 0 0 0 0 0 0 0 0 0 0 0 0 0 0 0 0 0 0 0 0 0 0 0 0 0 0 0 0 0 0 0 0 0 0 0 0 0 0 0 0 0 0 0 0 0 0 0 0 0 0 0 0 0 0 0 0 0 0 0 0 0 0 0 0 0 0 0 0 0 0 0 0 0 0 0 0 0 0 0 0 0 0 0 0 0 0 0 0 0 0 0 0 0 0 0 0 0 0 0 0 0 0 0 0 0 0 0 0 0 0 0 0 0 0 0 0 0 0 0 0 0 0 0 0 0 0 0 0 0 0 0 0 0 0 0 0 0 0 0 0 0 0 0 0 0 0 0 0 0 0 0 0 0 0.475 0.5 0 0 0 0 0 0 0 0 0 0 0 0 0 0 0 0 0 0 0 0 0 0 0 0 0 0 0 0 0 0 0 0 0 0 0 0 0 0 0 0 0 0 0 0 0 0 0 0 0 0 0 0 0 0 0 0 0 0 0 0 0 0 0 0 0 0 0 0 0 0 0 0 0 0 0 0 0 0 0 0 0 0 0 0 0 0 0 0 0 0 0 0 0 0 0 0 0 0 0 0 0 0 0 0 0 0 0 0 0 0 0 0 0 0 0 0 0 0 0 0 0 0 0 0 0 0 0 0 0 0 0 0 0 0 0 0 0 0 0 0 0 0 0 0 0 0 0 0 0 0 0 0 0 0 0 0 0 0 0 0 0 0 0 0 0 0 0 0 0 0 0 0 0 0 0 0 0 0 0 0 0 0 0 0 0 0 0 0 0 0 0 0 0 0 0 0 0 0 0 0 0 0 0.475 0.5 0 0 0 0 0 0 0 0 0 0 0 0 0 0 0 0 0 0 0 0 0 0 0 0 0 0 0 0 0 0 0 0 0 0 0 0 0 0 0 0 0 0 0 0 0 0 0 0 0 0 0 0 0 0 0 0 0 0 0 0 0 0 0 0 0 0 0 0 0 0 0 0 0 0 0 0 0 0 0 0 0 0 0 0 0 0 0 0 0 0 0 0 0 0 0 0 0 0 0 0 0 0 0 0 0 0 0 0 0 0 0 0 0 0 0 0 0 0 0 0 0 0 0 0 0 0 0 0 0 0 0 0 0 0 0 0 0 0 0 0 0 0 0 0 0 0 0 0 0 0 0 0 0 0 0 0 0.475 0.5 0 0 0 0 0 0 0 0 0 0 0 0 0.475 0.5 0 0 0 0 0.475 0.5 0 0 0 0 0 0 0 0 0 0 0 0 0 0 0 0 0 0 0 0 0 0 0 0 0 0 0 0 0 0 0 0 0 0 0 0 0 0 0 0 0 0 0 0 0 0 0 0 0 0 0 0 0 0 0 0 0 0 0 0 0 0 0 0 0 0 0 0 0 0 0 0 0 0 0 0 0 0 0 0 0 0 0 0 0 0 0 0 0 0 0 0 0 0 0 0 0 0 0 0 0 0 0 0 0 0 0 0 0 0 0 0 0 0 0 0 0 0 0 0 0 0 0 0 0 0 0 0 0 0 0 0 0 0 0 0 0 0 0 0 0 0 0 0 0 0 0 0 0 0 0 0 0 0 0 0 0 0 0 0 0 0 0 0 0 0 0 0 0 0 0 0 0 0 0 0 0 0 0 0 0 0 0 0 0 0 0 0 0 0 0 0 0 0 0 0 0 0 0 0 0 0 0 0 0 0 0 0 0 0 0 0 0 0 0 0 0 0 0 0 0 0 0 0 0 0 0 0 0 0 0 0 0 0 0 0 0 0 0 0 0 0 0 0 0 0 0 0 0 0 0 0 0 0 0 0 0 0 0 0 0 0 0 0 0 0 0 0 0 0 0 0 0 0 0 0 0 0 0 0 0 0 0 0 0 0 0 0 0 0 0 0 0 0 0 0 0 0 0 0 0 0 0 0 0 0 0 0 0.475 0.5 0.475 0.5 0 0 0 0 0 0 0 0 0 0 0 0 0 0 0 0 0 0 0 0 0 0 0 0 0 0 0 0 0 0 0 0 0 0 0 0 0 0 0 0 0 0 0 0 0 0 0 0 0 0 0 0 0 0 0 0 0 0 0 0 0 0 0 0 0 0 0 0 0 0 0 0 0 0 0 0 0 0 0 0 0 0 0 0 0 0 0 0 0 0 0 0 0 0 0 0 0 0 0 0 0 0 0 0 0 0 0 0 0 0 0 0 0 0 0 0 0 0 0 0 0 0 0 0 0 0 0 0 0 0 0 0 0 0 0 0 0 0 0 0 0 0 0 0 0 0 0 0 0 0 0 0 0 0 0 0 0 0 0 0 0 0 0 0 0 0 0 0 0 0 0 0 0 0 0 0 0 0 0 0 0 0 0 0 0 0 0 0 0 0 0 0 0.475 0.5 0 0 0 0 0 0 0 0 0 0 0 0 0 0 0 0 0 0 0 0 0 0 0 0 0 0 0 0 0 0 0 0 0 0 0 0 0 0 0 0 0 0 0 0 0 0 0 0 0 0 0 0 0 0 0 0 0 0 0 0 0 0 0 0 0 0 0 0 0 0 0 0 0 0 0 0 0 0 0 0 0 0 0 0 0 0 0 0 0 0 0 0 0 0 0 0 0 0 0 0 0 0 0 0 0 0 0 0 0 0 0 0 0 0 0 0 0 0 0 0 0 0 0 0 0 0 0 0 0 0 0 0 0 0 0 0 0 0 0 0 0 0 0 0 0 0 0 0 0 0 0 0 0 0 0 0 0 0 0 0 0 0 0 0 0 0 0 0 0 0 0 0 0 0 0 0 0 0 0 0 0 0 0 0 0 0 0 0 0 0 0 0 0 0 0 0 0 0 0 0 0 0 0 0 0 0 0 0 0 0 0 0 0 0 0 0 0 0 0 0 0 0 0 0 0 0 0 0 0 0 0 0 0 0 0 0 0 0 0 0 0 0 0 0 0 0 0 0 0 0 0 0 0 0 0 0 0 0 0 0 0 0 0 0 0 0 0 0 0 0 0 0 0 0 0 0 0 0 0 0 0 0 0 0 0 0 0 0 0 0 0 0 0 0 0 0 0 0 0 0 0 0 0 0 0 0 0 0 0 0 0 0 0 0 0 0 0 0 0 0 0 0 0 0 0 0 0 0 0 0 0 0 0 0 0 0 0 0 0 0 0 0 0 0 0 0 0 0 0 0 0 0 0 0 0 0 0 0 0 0 0 0 0 0 0 0 0 0 0 0 0 0 0 0 0 0 0 0 0 0 0 0 0 0 0 0 0 0 0 0 0 0 0 0 0 0 0 0 0 0 0 0 0 0 0 0 0 0 0 0 0 0 0 0 0 0 0 0 0 0 0 0 0 0 0 0 0 0 0 0 0 0 0 0 0 0 0 0 0 0 0 0 0 0 0 0 0 0 0 0 0 0 0 0 0 0 0 0 0 0 0 0 0 0 0 0 0 0 0 0 0 0 0 0 0 0 0 0 0 0 0 0 0 0 0 0 0 0 0 0 0 0 0 0 0 0 0 0 0 0 0 0 0 0 0 0 0 0 0 0 0 0 0 0 0 0 0 0 0 0 0 0 0 0 0 0 0 0 0 0 0 0 0 0 0 0 0 0 0 0 0 0 0 0 0 0 0 0 0 0 0 0 0 0 0 0 0 0 0 0 0 0 0 0 0 0 0 0 0 0 0 0 0 0 0 0 0 0 0 0 0 0 0 0 0 0 0 0 0 0 0 0 0 0 0 0 0 0 0 0 0 0 0 0 0.475 0.5 0 0 0 0 0 0 0 0 0 0 0 0 0 0 0 0 0 0 0 0 0 0 0 0 0 0 0 0 0 0 0 0 0 0 0 0 0 0 0 0 0 0 0 0 0 0 0 0 0 0 0 0 0 0 0 0 0 0 0 0 0 0 0 0 0 0 0 0 0 0 0 0 0 0 0 0 0 0 0 0 0 0 0 0 0 0 0 0 0.475 0.5 0 0 0 0 0 0 0 0 0 0 0 0 0 0 0 0 0 0 0 0 0 0 0 0 0 0 0 0 0 0 0 0 0 0 0 0 0 0 0 0 0 0 0 0 0 0 0 0 0 0 0 0 0 0 0 0 0 0 0 0 0 0 0 0 0 0 0 0 0 0 0 0 0 0 0 0 0 0 0 0 0 0 0 0 0 0 0 0 0 0 0 0 0 0 0 0 0 0 0 0 0 0 0 0 0 0 0 0 0 0 0 0 0 0 0 0 0 0 0 0 0 0 0 0 0 0 0 0 0 0 0 0 0 0 0 0 0 0 0 0 0 0 0 0 0 0 0 0 0 0 0 0 0 0 0 0 0 0 0 0 0 0 0 0 0 0 0 0 0 0 0 0 0 0 0 0 0 0 0 0 0 0 0 0 0 0 0 0 0 0 0 0 0 0 0 0 0 0 0 0 0 0 0 0 0 0 0 0 0 0 0 0 0 0 0 0 0 0 0.475 0.5 0 0 0 0 0 0 0 0 0 0 0 0 0 0 0 0 0 0 0 0 0 0 0 0 0 0 0 0 0 0 0 0 0 0 0 0 0 0 0 0 0 0 0 0 0 0 0 0 0 0 0 0 0 0 0 0 0 0 0 0 0 0 0 0 0 0 0 0 0 0 0 0 0 0 0 0 0 0 0 0 0 0 0 0 0 0 0 0 0 0 0 0 0 0 0 0 0 0 0 0 0 0 0 0 0 0 0 0 0 0 0 0 0 0 0 0 0 0 0 0 0 0 0 0 0 0 0 0 0 0 0 0</float_array>
          <technique_common>
            <accessor source="#pSphere1Mesh-mesh-map-2-array" count="2424" stride="2">
              <param name="S" type="float"/>
              <param name="T" type="float"/>
            </accessor>
          </technique_common>
        </source>
        <source id="pSphere1Mesh-mesh-map-3">
          <float_array id="pSphere1Mesh-mesh-map-3-array" count="4848">0 0 0 0 0 0 0 0 0 0 0 0 0 0 0 0 0 0 0 0 0 0 0 0 0 0 0 0 0 0 0 0 0 0 0 0 0 0 0 0 0 0 0 0 0 0 0 0 0 0 0 0 0 0 0 0 0 0 0 0 0 0 0 0 0 0 0 0 0 0 0 0 0 0 0 0 0 0 0 0 0 0 0 0 0 0 0 0 0 0 0 0 0 0 0 0 0 0 0 0 0 0 0 0 0 0 0 0 0 0 0 0 0 0 0 0 0 0 0 0 0 0 0 0 0 0 0 0 0 0 0 0 0 0 0 0 0 0 0 0 0 0 0 0 0 0 0 0 0 0 0 0 0 0 0 0 0 0 0 0 0 0 0 0 0 0 0 0 0 0 0 0 0 0 0 0 0 0 0 0 0 0 0 0 0 0 0 0 0 0 0 0 0 0 0 0 0 0 0 0 0 0 0 0 0 0 0 0 0 0 0 0 0 0 0 0 0 0 0 0 0 0 0 0 0 0 0 0 0 0 0 0 0 0 0 0 0 0 0 0 0 0 0 0 0 0 0 0 0 0 0 0 0 0 0 0 0 0 0 0 0 0 0 0 0 0 0 0 0 0 0 0 0 0 0 0 0 0 0 0 0 0 0 0 0 0 0 0 0 0 0 0 0 0 0 0 0 0 0 0 0 0 0 0 0 0 0 0 0 0 0 0 0 0 0 0 0 0 0 0 0 0 0 0 0 0 0 0 0 0 0 0 0 0 0 0 0 0 0 0 0 0 0 0 0 0 0 0 0 0 0 0 0 0 0 0 0 0 0 0 0 0 0 0 0 0 0 0 0 0 0 0 0 0 0 0 0 0 0 0 0 0 0 0 0 0 0 0 0 0 0 0 0 0 0 0 0 0 0 0 0 0 0 0 0 0 0 0 0 0 0 0 0 0 0 0 0 0 0 0 0 0 0 0 0 0 0 0 0 0 0 0 0 0 0 0 0 0 0 0 0 0 0 0 0 0 0 0 0 0 0 0 0 0 0 0 0 0 0 0 0 0 0 0 0 0 0 0 0 0 0 0 0 0 0 0 0 0 0 0 0 0 0 0 0 0 0 0 0 0 0 0 0 0 0 0 0 0 0 0 0 0 0 0 0 0 0 0 0 0 0 0 0 0 0 0 0 0 0 0 0 0 0 0 0 0 0 0 0 0 0 0 0 0 0 0 0 0 0 0 0 0 0 0 0 0 0 0 0 0 0 0 0 0 0 0 0 0 0 0 0 0 0 0 0 0 0 0 0 0 0 0 0 0 0 0 0 0 0 0 0 0 0 0 0 0 0 0 0 0 0 0 0 0 0 0 0 0 0 0 0 0 0 0 0 0 0 0 0 0 0 0 0 0 0 0 0 0 0 0 0 0 0 0 0 0 0 0 0 0 0 0 0 0 0 0 0 0 0 0 0 0 0 0 0 0 0 0 0 0 0 0 0 0 0 0 0 0 0 0 0 0 0 0 0 0 0 0 0 0 0 0 0 0 0 0 0 0 0 0 0 0 0 0 0 0 0 0 0 0 0 0 0 0 0 0 0 0 0 0 0 0 0 0 0 0 0 0 0 0 0 0 0 0 0 0 0 0 0 0 0 0 0 0 0 0 0 0 0 0 0 0 0 0 0 0 0 0 0 0 0 0 0 0 0 0 0 0 0 0 0 0 0 0 0 0 0 0 0 0 0 0 0 0 0 0 0 0 0 0 0 0 0 0 0 0 0 0 0 0 0 0 0 0 0 0 0 0 0 0 0 0 0 0 0 0 0 0 0 0 0 0 0 0 0 0 0 0 0 0 0 0 0 0 0 0 0 0 0 0 0 0 0 0 0 0 0 0 0 0 0 0 0 0 0 0 0 0 0 0 0 0 0 0 0 0 0 0 0 0 0 0 0 0 0 0 0 0 0 0 0 0 0 0 0 0 0 0 0 0 0 0 0 0 0 0 0 0 0 0 0 0 0 0 0 0 0 0 0 0 0 0 0 0 0 0 0 0 0 0 0 0 0 0 0 0 0 0 0 0 0 0 0 0 0 0 0 0 0 0 0 0 0 0 0 0 0 0 0 0 0 0 0 0 0 0 0 0 0 0 0 0 0 0 0 0 0 0 0 0 0 0 0 0 0 0 0 0 0 0 0 0 0 0 0 0 0 0 0 0 0 0 0 0 0 0 0 0 0 0 0 0 0 0 0 0 0 0 0 0 0 0 0 0 0 0 0 0 0 0 0 0 0 0 0 0 0 0 0 0 0 0 0 0 0 0 0 0 0 0 0 0 0 0 0 0 0 0 0 0 0 0 0 0 0 0 0 0 0 0 0 0 0 0 0 0 0 0 0 0 0 0 0 0 0 0 0 0 0 0 0 0 0 0 0 0 0 0 0 0 0 0 0 0 0 0 0 0 0 0 0 0 0 0 0 0 0 0 0 0 0 0 0 0 0 0 0 0 0 0 0 0 0 0 0 0 0 0 0 0 0 0 0 0 0 0 0 0 0 0 0 0 0 0 0 0 0 0 0 0 0 0 0 0 0 0 0 0 0 0 0 0 0 0 0 0 0 0 0 0 0 0 0 0 0 0 0 0 0 0 0 0 0 0 0 0 0 0 0 0 0 0 0 0 0 0 0 0 0 0 0 0 0 0 0 0 0 0 0 0 0 0 0 0 0 0 0 0 0 0 0 0 0 0 0 0 0 0 0 0 0 0 0 0 0 0 0 0 0 0 0 0 0 0 0 0 0 0 0 0 0 0 0 0 0 0 0 0 0 0 0 0 0 0 0 0 0 0 0 0 0 0 0 0 0 0 0 0 0 0 0 0 0 0 0 0 0 0 0 0 0 0 0 0 0 0 0 0 0 0 0 0 0 0 0 0 0 0 0 0 0 0 0 0 0 0 0 0 0 0 0 0 0 0 0 0 0 0 0 0 0 0 0 0 0 0 0 0 0 0 0 0 0 0 0 0 0 0 0 0 0 0 0 0 0 0 0 0 0 0 0 0 0 0 0 0 0 0 0 0 0 0 0 0 0 0 0 0 0 0 0 0 0 0 0 0 0 0 0 0 0 0 0 0 0 0 0 0 0 0 0 0 0 0 0 0 0 0 0 0 0 0 0 0 0 0 0 0 0 0 0 0 0 0 0 0 0 0 0 0 0 0 0 0 0 0 0 0 0 0 0 0 0 0 0 0 0 0 0 0 0 0 0 0 0 0 0 0 0 0 0 0 0 0 0 0 0 0 0 0 0 0 0 0 0 0 0 0 0 0 0 0 0 0 0 0 0 0 0 0 0 0 0 0 0 0 0 0 0 0 0 0 0 0 0 0 0 0 0 0 0 0 0 0 0 0 0 0 0 0 0 0 0 0 0 0 0 0 0 0 0 0 0 0 0 0 0 0 0 0 0 0 0 0 0 0 0 0 0 0 0 0 0 0 0 0 0 0 0 0 0 0 0 0 0 0 0 0 0 0 0 0 0 0 0 0 0 0 0 0 0 0 0 0 0 0 0 0 0 0 0 0 0 0 0 0 0 0 0 0 0 0 0 0 0 0 0 0 0 0 0 0 0 0 0 0 0 0 0 0 0 0 0 0 0 0 0 0 0 0 0 0 0 0 0 0 0 0 0 0 0 0 0 0 0 0 0 0 0 0 0 0 0 0 0 0 0 0 0 0 0 0 0 0 0 0 0 0 0 0 0 0 0 0 0 0 0 0 0 0 0 0 0 0 0 0 0 0 0 0 0 0 0 0 0 0 0 0 0 0 0 0 0 0 0 0 0 0 0 0 0 0 0 0 0 0 0 0 0 0 0 0 0 0 0 0 0 0 0 0 0 0 0 0 0 0 0 0 0 0 0 0 0 0 0 0 0 0 0 0 0 0 0 0 0 0 0 0 0 0 0 0 0 0 0 0 0 0 0 0 0 0 0 0 0 0 0 0 0 0 0 0 0 0 0 0 0 0 0 0 0 0 0 0 0 0 0 0 0 0 0 0 0 0 0 0 0 0 0 0 0 0 0 0 0 0 0 0 0 0 0 0 0 0 0 0 0 0 0 0 0 0 0 0 0 0 0 0 0 0 0 0 0 0 0 0 0 0 0 0 0 0 0 0 0 0 0 0 0 0 0 0 0 0 0 0 0 0 0 0 0 0 0 0 0 0 0 0 0 0 0 0 0 0 0 0 0 0 0 0 0 0 0 0 0 0 0 0 0 0 0 0 0 0 0 0 0 0 0 0 0 0 0 0 0 0 0 0 0 0 0 0 0 0 0 0 0 0 0 0 0 0 0 0 0 0 0 0 0 0 0 0 0 0 0 0 0 0 0 0 0 0 0 0 0 0 0 0 0 0 0 0 0 0 0 0 0 0 0 0 0 0 0 0 0 0 0 0 0 0 0 0 0 0 0 0 0 0 0 0 0 0 0 0 0 0 0 0 0 0 0 0 0 0 0 0 0 0 0 0 0 0 0 0 0 0 0 0 0 0 0 0 0 0 0 0 0 0 0 0 0 0 0 0 0 0 0 0 0 0 0 0 0 0 0 0 0 0 0 0 0 0 0 0 0 0 0 0 0 0 0 0 0 0 0 0 0 0 0 0 0 0 0 0 0 0 0 0 0 0 0 0 0 0 0 0 0 0 0 0 0 0 0 0 0 0 0 0 0 0 0 0 0 0 0 0 0 0 0 0 0 0 0 0 0 0 0 0 0 0 0 0 0 0 0 0 0 0 0 0 0 0 0 0 0 0 0 0 0 0 0 0 0 0 0 0 0 0 0 0 0 0 0 0 0 0 0 0 0 0 0 0 0 0 0 0 0 0 0 0 0 0 0 0 0 0 0 0 0 0 0 0 0 0 0 0 0 0 0 0 0 0 0 0 0 0 0 0 0 0 0 0 0 0 0 0 0 0 0 0 0 0 0 0 0 0 0 0 0 0 0 0 0 0 0 0 0 0 0 0 0 0 0 0 0 0 0 0 0 0 0 0 0 0 0 0 0 0 0 0 0 0 0 0 0 0 0 0 0 0 0 0 0 0 0 0 0 0 0 0 0 0 0 0 0 0 0 0 0 0 0 0 0 0 0 0 0 0 0 0 0 0 0 0 0 0 0 0 0 0 0 0 0 0 0 0 0 0 0 0 0 0 0 0 0 0 0 0 0 0 0 0 0 0 0 0 0 0 0 0 0 0 0 0 0 0 0 0 0 0 0 0 0 0 0 0 0 0 0 0 0 0 0 0 0 0 0 0 0 0 0 0 0 0 0 0 0 0 0 0 0 0 0 0 0 0 0 0 0 0 0 0 0 0 0 0 0 0 0 0 0 0 0 0 0 0 0 0 0 0 0 0 0 0 0 0 0 0 0 0 0 0 0 0 0 0 0 0 0 0 0 0 0 0 0 0 0 0 0 0 0 0 0 0 0 0 0 0 0 0 0 0 0 0 0 0 0 0 0 0 0 0 0 0 0 0 0 0 0 0 0 0 0 0 0 0 0 0 0 0 0 0 0 0 0 0 0 0 0 0 0 0 0 0 0 0 0 0 0 0 0 0 0 0 0 0 0 0 0 0 0 0 0 0 0 0 0 0 0 0 0 0 0 0 0 0 0 0 0 0 0 0 0 0 0 0 0 0 0 0 0 0 0 0 0 0 0 0 0 0 0 0 0 0 0 0 0 0 0 0 0 0 0 0 0 0 0 0 0 0 0 0 0 0 0 0 0 0 0 0 0 0 0 0 0 0 0 0 0 0 0 0 0 0 0 0 0 0 0 0 0 0 0 0 0 0 0 0 0 0 0 0 0 0 0 0 0 0 0 0 0 0 0 0 0 0 0 0 0 0 0 0 0 0 0 0 0 0 0 0 0 0 0 0 0 0 0 0 0 0 0 0 0 0 0 0 0 0 0 0 0 0 0 0 0 0 0 0 0 0 0 0 0 0 0 0 0 0 0 0 0 0 0 0 0 0 0 0 0 0 0 0 0 0 0 0 0 0 0 0 0 0 0 0 0 0 0 0 0 0 0 0 0 0 0 0 0 0 0 0 0 0 0 0 0 0 0 0 0 0 0 0 0 0 0 0 0 0 0 0 0 0 0 0 0 0 0 0 0 0 0 0 0 0 0 0 0 0 0 0 0 0 0 0 0 0 0 0 0 0 0 0 0 0 0 0 0 0 0 0 0 0 0 0 0 0 0 0 0 0 0 0 0 0 0 0 0 0 0 0 0 0 0 0 0 0 0 0 0 0 0 0 0 0 0 0 0 0 0 0 0 0 0 0 0 0 0 0 0 0 0 0 0 0 0 0 0 0 0 0 0 0 0 0 0 0 0 0 0 0 0 0 0 0 0 0 0 0 0 0 0 0 0 0 0 0 0 0 0 0 0 0 0 0 0 0 0 0 0 0 0 0 0 0 0 0 0 0 0 0 0 0 0 0 0 0 0 0 0 0 0 0 0 0 0 0 0 0 0 0 0 0 0 0 0 0 0 0 0 0 0 0 0 0 0 0 0 0 0 0 0 0 0 0 0 0 0 0 0 0 0 0 0 0 0 0 0 0 0 0 0 0 0 0 0 0 0 0 0 0 0 0 0 0 0 0 0 0 0 0 0 0 0 0 0 0 0 0 0 0 0 0 0 0 0 0 0 0 0 0 0 0 0 0 0 0 0 0 0 0 0 0 0 0 0 0 0 0 0 0 0 0 0 0 0 0 0 0 0 0 0 0 0 0 0 0 0 0 0 0 0 0 0 0 0 0 0 0 0 0 0 0 0 0 0 0 0 0 0 0 0 0 0 0 0 0 0 0 0 0 0 0 0 0 0 0 0 0 0 0 0 0 0 0 0 0 0 0 0 0 0 0 0 0 0 0 0 0 0 0 0 0 0 0 0 0 0 0 0 0 0 0 0 0 0 0 0 0 0 0 0 0 0 0 0 0 0 0 0 0 0 0 0 0 0 0 0 0 0 0 0 0 0 0 0 0 0 0 0 0 0 0 0 0 0 0 0 0 0 0 0 0 0 0 0 0 0 0 0 0 0 0 0 0 0 0 0 0 0 0 0 0 0 0 0 0 0 0 0 0 0 0 0 0 0 0 0 0 0 0 0 0 0 0 0 0 0 0 0 0 0 0 0 0 0 0 0 0 0 0 0 0 0 0 0 0 0 0 0 0 0 0 0 0 0 0 0 0 0 0 0 0 0 0 0 0 0 0 0 0 0 0 0 0 0 0 0 0 0 0 0 0 0 0 0 0 0 0 0 0 0 0 0 0 0 0 0 0 0 0 0 0 0 0 0 0 0 0 0 0 0 0 0 0 0 0 0 0 0 0 0 0 0 0 0 0 0 0 0 0 0 0 0 0 0 0 0 0 0 0 0 0 0 0 0 0 0 0 0 0 0 0 0 0 0 0 0 0 0 0 0 0 0 0 0 0 0 0 0 0 0 0 0 0 0 0 0 0 0 0 0 0 0 0 0 0 0 0 0 0 0 0 0 0 0 0 0 0 0 0 0 0 0 0 0 0 0 0 0 0 0 0 0 0 0 0 0 0 0 0 0 0 0 0 0 0 0 0 0 0 0 0 0 0 0 0 0 0 0 0 0 0 0 0 0 0 0 0 0 0 0 0 0 0 0 0 0 0 0 0 0 0 0 0 0 0 0 0 0 0 0 0 0 0 0 0 0 0 0 0 0 0 0 0 0 0 0 0 0 0 0 0 0 0 0 0 0 0 0 0 0 0 0 0 0 0 0 0 0 0 0 0 0 0 0 0 0 0 0 0 0 0 0 0 0 0 0 0 0 0 0 0 0 0 0 0 0 0 0 0 0 0 0 0 0 0 0 0 0 0 0 0 0 0 0 0 0 0 0 0 0 0 0 0 0 0 0 0 0 0 0 0 0 0 0 0 0 0 0 0 0 0 0 0 0 0 0 0 0 0 0 0 0 0 0 0 0 0 0 0 0 0 0 0 0 0 0 0 0 0 0 0 0 0 0 0 0 0 0 0 0 0 0 0 0 0 0 0 0 0 0 0 0 0 0 0 0 0 0 0 0 0 0 0 0 0 0 0 0 0 0 0 0 0 0 0 0 0 0 0 0 0 0 0 0 0 0 0 0 0 0 0 0 0 0 0 0 0 0 0 0 0 0 0 0 0 0 0 0 0 0 0 0 0 0 0 0 0 0 0 0 0 0 0 0 0 0 0 0 0 0 0 0 0 0 0 0 0 0 0 0 0 0 0 0 0 0 0 0 0 0 0 0 0 0 0 0 0 0 0 0 0 0 0 0 0 0 0 0 0 0 0 0 0 0 0 0 0 0 0 0 0 0 0 0 0 0 0 0 0 0 0 0 0 0 0 0 0 0 0 0 0 0 0 0 0 0 0 0 0 0 0 0 0 0 0 0 0 0 0 0 0 0 0 0 0 0 0 0 0 0 0 0 0 0 0 0 0 0 0 0 0 0 0 0 0 0 0 0 0 0 0 0 0 0 0 0 0 0 0 0 0 0 0 0 0 0 0 0 0 0 0 0 0 0 0 0 0 0 0 0 0 0 0 0 0 0 0 0 0 0 0 0 0 0 0 0 0 0 0 0 0 0 0 0 0 0 0 0 0 0 0 0 0 0 0 0 0 0 0 0 0 0 0 0 0 0 0 0 0 0 0 0 0 0 0 0 0 0 0 0 0 0 0 0 0 0 0 0 0 0 0 0 0 0 0 0 0 0 0 0 0 0 0 0 0 0 0 0 0 0 0 0 0 0 0 0 0 0 0 0 0 0 0 0 0 0 0 0 0 0 0 0 0 0 0 0 0 0 0 0 0 0 0 0 0 0 0 0 0 0 0 0 0 0 0 0 0 0 0 0 0 0 0 0 0 0 0 0 0 0 0 0 0 0 0 0 0 0 0 0 0 0 0 0 0 0 0 0 0 0 0 0 0 0 0 0 0 0 0 0 0 0 0 0 0 0 0 0 0 0 0 0 0 0 0 0 0 0 0 0 0 0 0 0 0 0 0 0 0 0 0 0 0 0 0 0 0 0 0 0 0 0 0 0 0 0 0 0 0 0 0 0 0 0 0 0 0 0 0 0 0 0 0 0 0 0 0 0 0 0 0 0 0 0 0 0 0 0 0 0 0 0 0 0 0 0 0 0 0 0 0 0 0 0 0 0 0 0 0 0 0 0 0 0 0 0 0 0 0 0 0 0 0 0 0 0 0 0 0 0 0 0 0 0 0 0 0 0 0 0 0 0 0 0 0 0 0 0 0 0 0 0 0 0 0 0 0 0 0 0 0 0 0 0 0 0 0 0 0 0 0 0 0 0 0 0 0 0 0 0 0 0 0 0 0 0 0 0 0 0 0 0 0 0 0 0 0 0 0 0 0 0 0 0 0 0 0 0 0 0 0 0 0 0 0 0 0 0 0 0 0 0 0 0 0 0 0 0 0 0 0 0 0 0 0 0 0 0 0 0 0 0 0 0 0 0 0 0 0 0 0 0 0 0 0 0 0 0 0 0 0 0 0 0 0 0 0 0 0 0 0 0 0 0 0 0 0 0 0 0 0 0 0 0 0 0 0 0 0 0 0 0 0 0 0 0 0 0 0 0 0 0 0 0 0 0 0 0 0 0 0 0 0 0 0 0 0 0 0 0 0 0 0 0 0 0 0 0 0 0 0 0 0 0 0 0 0 0 0 0 0 0 0 0 0 0 0 0 0 0 0 0 0 0 0 0 0 0 0 0 0 0 0 0 0 0 0 0 0 0 0 0 0 0 0 0 0 0 0 0 0 0 0 0 0 0 0 0 0 0 0 0 0 0 0 0 0 0 0 0 0 0 0 0 0 0 0 0 0 0 0 0 0 0 0 0 0 0 0 0 0 0 0 0 0 0 0 0 0 0 0 0 0 0 0 0 0 0 0 0 0 0 0 0 0 0 0 0 0 0 0 0 0 0 0 0 0 0 0 0 0 0 0 0 0 0 0 0 0 0 0 0 0 0 0 0 0 0 0 0 0 0 0 0 0 0 0 0 0 0 0 0 0 0 0 0 0 0 0 0 0 0 0 0 0 0 0 0 0 0 0 0 0 0 0 0 0 0 0 0 0 0 0 0 0 0 0 0 0 0 0 0 0 0 0 0 0 0 0 0 0 0 0 0 0 0 0 0 0 0 0 0 0 0 0 0 0 0 0 0 0 0 0 0 0 0 0 0 0 0 0 0 0 0 0 0 0 0 0 0 0 0 0 0 0 0 0 0 0 0 0 0 0 0 0 0 0 0 0 0 0 0 0 0 0 0 0 0 0 0 0 0 0 0 0 0 0 0 0 0 0 0 0 0 0 0 0 0 0 0 0 0 0 0 0 0 0 0 0 0 0 0 0 0 0 0 0 0 0 0 0 0 0 0 0 0 0 0 0 0 0 0 0 0 0 0 0 0 0 0 0 0 0 0 0 0 0 0 0 0 0 0 0 0 0 0 0 0 0 0 0 0 0 0 0 0 0 0 0 0 0 0 0 0 0 0 0 0 0 0 0 0 0 0 0 0 0 0 0 0 0 0 0 0 0 0 0 0 0 0 0 0 0 0 0 0 0 0 0 0 0 0 0 0 0 0 0 0 0 0 0 0 0 0 0 0 0 0 0 0 0 0 0 0 0 0 0 0 0 0 0 0 0 0 0 0 0 0 0 0 0 0 0 0 0 0 0 0 0 0 0 0 0 0 0 0 0 0 0 0 0 0 0 0 0 0 0 0 0 0 0 0 0 0 0 0 0 0 0 0 0 0 0 0 0 0 0 0 0 0 0 0 0 0 0 0 0 0 0 0 0 0 0 0 0 0 0 0 0 0 0 0 0 0 0 0 0 0 0 0 0 0 0 0 0 0 0 0 0 0 0 0 0 0 0 0 0</float_array>
          <technique_common>
            <accessor source="#pSphere1Mesh-mesh-map-3-array" count="2424" stride="2">
              <param name="S" type="float"/>
              <param name="T" type="float"/>
            </accessor>
          </technique_common>
        </source>
        <source id="pSphere1Mesh-mesh-map-4">
          <float_array id="pSphere1Mesh-mesh-map-4-array" count="4848">0 0 0 0 0 0 0 0 0 0 0 0 0 0 0 0 0 0 0 0 0 0 0 0 0 0 0 0 0 0 0 0 0 0 0 0 0 0 0 0 0 0 0 0 0 0 0 0 0 0 0 0 0 0 0 0 0 0 0 0 0 0 0 0 0 0 0 0 0 0 0 0 0 0 0 0 0 0 0 0 0 0 0 0 0 0 0 0 0 0 0 0 0 0 0 0 0 0 0 0 0 0 0 0 0 0 0 0 0 0 0 0 0 0 0 0 0 0 0 0 0 0 0 0 0 0 0 0 0 0 0 0 0 0 0 0 0 0 0 0 0 0 0 0 0 0 0 0 0 0 0 0 0 0 0 0 0 0 0 0 0 0 0 0 0 0 0 0 0 0 0 0 0 0 0 0 0 0 0 0 0 0 0 0 0 0 0 0 0 0 0 0 0 0 0 0 0 0 0 0 0 0 0 0 0 0 0 0 0 0 0 0 0 0 0 0 0 0 0 0 0 0 0 0 0 0 0 0 0 0 0 0 0 0 0 0 0 0 0 0 0 0 0 0 0 0 0 0 0 0 0 0 0 0 0 0 0 0 0 0 0 0 0 0 0 0 0 0 0 0 0 0 0 0 0 0 0 0 0 0 0 0 0 0 0 0 0 0 0 0 0 0 0 0 0 0 0 0 0 0 0 0 0 0 0 0 0 0 0 0 0 0 0 0 0 0 0 0 0 0 0 0 0 0 0 0 0 0 0 0 0 0 0 0 0 0 0 0 0 0 0 0 0 0 0 0 0 0 0 0 0 0 0 0 0 0 0 0 0 0 0 0 0 0 0 0 0 0 0 0 0 0 0 0 0 0 0 0 0 0 0 0 0 0 0 0 0 0 0 0 0 0 0 0 0 0 0 0 0 0 0 0 0 0 0 0 0 0 0 0 0 0 0 0 0 0 0 0 0 0 0 0 0 0 0 0 0 0 0 0 0 0 0 0 0 0 0 0 0 0 0 0 0 0 0 0 0 0 0 0 0 0 0 0 0 0 0 0 0 0 0 0 0 0 0 0 0 0 0 0 0 0 0 0 0 0 0 0 0 0 0 0 0 0 0 0 0 0 0 0 0 0 0 0 0 0 0 0 0 0 0 0 0 0 0 0 0 0 0 0 0 0 0 0 0 0 0 0 0 0 0 0 0 0 0 0 0 0 0 0 0 0 0 0 0 0 0 0 0 0 0 0 0 0 0 0 0 0 0 0 0 0 0 0 0 0 0 0 0 0 0 0 0 0 0 0 0 0 0 0 0 0 0 0 0 0 0 0 0 0 0 0 0 0 0 0 0 0 0 0 0 0 0 0 0 0 0 0 0 0 0 0 0 0 0 0 0 0 0 0 0 0 0 0 0 0 0 0 0 0 0 0 0 0 0 0 0 0 0 0 0 0 0 0 0 0 0 0 0 0 0 0 0 0 0 0 0 0 0 0 0 0 0 0 0 0 0 0 0 0 0 0 0 0 0 0 0 0 0 0 0 0 0 0 0 0 0 0 0 0 0 0 0 0 0 0 0 0 0 0 0 0 0 0 0 0 0 0 0 0 0 0 0 0 0 0 0 0 0 0 0 0 0 0 0 0 0 0 0 0 0 0 0 0 0 0 0 0 0 0 0 0 0 0 0 0 0 0 0 0 0 0 0 0 0 0 0 0 0 0 0 0 0 0 0 0 0 0 0 0 0 0 0 0 0 0 0 0 0 0 0 0 0 0 0 0 0 0 0 0 0 0 0 0 0 0 0 0 0 0 0 0 0 0 0 0 0 0 0 0 0 0 0 0 0 0 0 0 0 0 0 0 0 0 0 0 0 0 0 0 0 0 0 0 0 0 0 0 0 0 0 0 0 0 0 0 0 0 0 0 0 0 0 0 0 0 0 0 0 0 0 0 0 0 0 0 0 0 0 0 0 0 0 0 0 0 0 0 0 0 0 0 0 0 0 0 0 0 0 0 0 0 0 0 0 0 0 0 0 0 0 0 0 0 0 0 0 0 0 0 0 0 0 0 0 0 0 0 0 0 0 0 0 0 0 0 0 0 0 0 0 0 0 0 0 0 0 0 0 0 0 0 0 0 0 0 0 0 0 0 0 0 0 0 0 0 0 0 0 0 0 0 0 0 0 0 0 0 0 0 0 0 0 0 0 0 0 0 0 0 0 0 0 0 0 0 0 0 0 0 0 0 0 0 0 0 0 0 0 0 0 0 0 0 0 0 0 0 0 0 0 0 0 0 0 0 0 0 0 0 0 0 0 0 0 0 0 0 0 0 0 0 0 0 0 0 0 0 0 0 0 0 0 0 0 0 0 0 0 0 0 0 0 0 0 0 0 0 0 0 0 0 0 0 0 0 0 0 0 0 0 0 0 0 0 0 0 0 0 0 0 0 0 0 0 0 0 0 0 0 0 0 0 0 0 0 0 0 0 0 0 0 0 0 0 0 0 0 0 0 0 0 0 0 0 0 0 0 0 0 0 0 0 0 0 0 0 0 0 0 0 0 0 0 0 0 0 0 0 0 0 0 0 0 0 0 0 0 0 0 0 0 0 0 0 0 0 0 0 0 0 0 0 0 0 0 0 0 0 0 0 0 0 0 0 0 0 0 0 0 0 0 0 0 0 0 0 0 0 0 0 0 0 0 0 0 0 0 0 0 0 0 0 0 0 0 0 0 0 0 0 0 0 0 0 0 0 0 0 0 0 0 0 0 0 0 0 0 0 0 0 0 0 0 0 0 0 0 0 0 0 0 0 0 0 0 0 0 0 0 0 0 0 0 0 0 0 0 0 0 0 0 0 0 0 0 0 0 0 0 0 0 0 0 0 0 0 0 0 0 0 0 0 0 0 0 0 0 0.625 0 0.655506 0.00206995 0.622022 0 0.655506 0.00426799 0.75 0.00426799 0.75 0.00672096 0.344494 0.00206995 0.25 0.00206995 0.375 0 0 0 0 0 0 0 0 0 0 0 0 0 0 0 0 0 0 0 0 0 0 0 0 0 0 0 0 0 0 0 0 0 0 0 0 0 0 0 0 0 0 0 0 0 0 0 0 0 0 0 0 0 0 0 0 0 0 0 0 0 0 0 0 0 0 0 0 0 0 0 0 0 0 0 0 0 0 0 0 0 0 0 0 0 0 0 0 0 0 0 0 0 0 0 0 0 0 0 0 0 0 0 0 0 0 0 0 0 0 0 0 0 0 0 0 0 0 0 0 0 0 0 0 0 0 0 0 0 0 0 0 0 0 0 0 0 0 0 0 0 0 0 0 0 0 0 0 0 0 0 0 0 0 0 0 0 0 0 0 0 0 0 0 0 0 0 0 0 0 0 0 0 0 0 0 0 0 0 0 0 0 0 0 0 0 0 0 0 0 0 0 0 0 0 0 0 0 0 0 0 0 0 0 0 0 0 0 0 0 0 0 0 0 0 0 0 0 0 0 0 0 0 0 0 0 0 0 0 0 0 0 0 0 0 0 0 0 0 0 0 0 0 0 0 0 0 0 0 0 0 0 0 0 0 0 0 0 0 0 0 0 0 0 0 0 0 0 0 0 0 0 0 0 0 0 0 0 0 0 0 0 0 0 0 0 0 0 0 0 0 0 0 0 0 0 0 0 0 0 0 0 0 0 0 0 0 0 0 0 0 0 0 0 0 0 0 0 0 0 0 0 0 0 0 0 0 0 0 0 0 0 0 0 0 0 0 0 0 0 0 0 0 0 0 0 0 0 0 0 0 0 0 0 0 0 0 0 0 0 0 0 0 0 0 0 0 0 0 0 0 0 0 0 0 0 0 0 0 0 0 0 0 0 0 0 0 0 0 0 0 0 0 0 0 0 0 0 0 0 0 0 0 0 0 0 0 0 0 0 0 0 0 0 0 0 0 0 0 0 0 0 0 0 0 0 0 0 0 0 0 0 0 0 0 0 0 0 0 0 0 0 0 0 0 0 0 0 0 0 0 0 0 0 0 0 0 0 0 0 0 0 0 0 0 0 0 0 0 0 0 0 0 0 0 0 0 0 0 0 0 0 0 0 0 0 0 0 0 0 0 0 0 0 0 0 0 0 0 0 0 0 0 0 0 0 0 0 0 0 0 0 0 0 0 0 0 0 0 0 0 0 0 0 0 0 0 0 0 0 0 0 0 0 0 0 0 0 0 0 0 0 0 0 0 0 0 0 0 0 0 0 0 0 0 0 0 0 0 0 0 0 0 0 0 0 0 0 0 0 0 0 0 0 0 0 0 0 0 0 0 0 0 0 0 0 0 0 0 0 0 0 0 0 0 0 0 0 0 0 0 0 0 0 0 0 0 0 0 0 0 0 0 0 0 0 0 0 0 0 0 0 0 0 0 0 0 0 0 0 0 0 0 0 0 0 0 0 0 0 0 0 0 0 0 0 0 0 0 0 0 0 0 0 0 0 0 0 0 0 0 0 0 0 0 0 0 0 0 0 0 0 0 0.75 0.00672096 0.75 0.00426799 0 0 0.75 0.00426799 0 0 0 0 0 0 0 0 0 0 0 0 0 0 0 0 0 0 0 0 0 0 0 0 0 0 0 0 0 0 0 0 0 0 0 0 0 0 0 0 0 0 0 0 0 0 0 0 0 0 0 0 0 0 0 0 0 0 0 0 0 0 0 0 0 0 0 0 0 0 0 0 0 0 0 0 0 0 0 0 0 0 0 0 0 0 0 0 0 0 0 0 0 0 0 0 0 0 0 0 0 0 0 0 0 0 0 0 0 0 0 0 0 0 0 0 0 0 0 0 0 0 0 0 0 0 0 0 0 0 0 0 0 0 0 0 0 0 0 0 0 0 0 0 0 0 0 0 0 0 0 0 0 0 0 0 0 0 0 0 0 0 0.25 0.00672096 0 0 0 0 0 0 0 0 0 0 0 0 0 0 0 0 0 0 0 0 0 0 0 0 0 0 0 0 0 0 0 0 0 0 0 0 0 0 0 0 0 0 0 0 0 0 0 0 0 0 0 0 0 0 0 0 0 0 0 0 0 0 0 0 0 0 0 0 0 0 0 0 0 0 0 0 0 0 0 0 0 0 0 0 0 0 0 0 0 0 0 0 0 0 0 0 0 0 0 0 0 0 0 0 0 0 0 0 0 0 0 0 0 0 0 0 0 0 0 0 0 0 0 0 0 0 0 0 0 0 0 0 0 0 0 0 0 0 0 0 0 0 0 0 0 0 0 0 0 0 0 0 0 0 0 0 0 0 0 0 0 0 0 0 0 0 0 0 0 0 0.25 0.00672096 0.344494 0.00672096 0 0 0.344494 0.00672096 0.655506 0.00426799 0.75 0.00672096 0 0 0 0 0.75 0.00672096 0 0 0 0 0.75 0.00672096 0 0 0 0 0 0 0 0 0 0 0 0 0.75 0.00206995 0 0 0.75 0.00426799 0.75 0.00206995 0.655506 0.00206995 0 0 0.655506 0.00206995 0 0 0 0 0 0 0 0 0 0 0 0 0 0 0 0 0 0 0 0 0 0 0 0 0 0 0 0 0 0 0 0 0 0 0 0 0 0 0 0 0 0 0 0 0 0 0 0 0 0 0 0 0 0 0 0 0 0 0 0 0 0 0 0 0 0 0 0 0 0 0 0 0 0 0 0 0 0 0 0 0 0 0 0 0 0 0 0 0 0 0 0 0 0 0 0 0 0 0 0 0 0 0 0 0 0 0 0 0 0 0 0 0 0 0 0 0 0 0 0 0 0 0 0 0 0 0 0 0 0 0 0 0 0 0 0 0 0 0 0 0 0 0 0 0 0 0 0 0 0 0 0 0 0 0 0 0 0 0 0 0 0 0 0 0 0 0 0 0 0 0 0 0 0 0 0 0 0 0 0 0 0 0 0 0 0 0 0 0 0 0 0 0 0 0 0 0 0 0 0 0 0 0.377978 0 0.655506 0.00206995 0.375 0 0 0 0 0 0 0 0 0 0 0 0 0 0 0 0 0 0 0 0 0 0 0 0 0 0 0 0 0 0 0 0 0 0 0 0 0 0 0 0 0 0 0 0 0 0 0 0 0 0.75 0.00672096 0 0 0 0 0 0 0 0 0 0 0 0 0 0 0 0 0 0 0 0 0 0 0 0 0 0 0 0 0 0 0 0 0 0 0 0 0 0 0 0 0 0 0 0 0 0 0 0 0 0 0 0 0 0 0 0 0 0 0 0 0 0 0 0 0 0 0 0 0 0 0 0 0 0 0 0 0 0 0 0 0 0 0.25 0.00426799 0.344494 0.00672096 0.25 0.00672096 0 0 0 0 0.25 0.00672096 0 0 0.25 0.00426799 0.25 0.00672096 0.25 0.00426799 0.655506 0.00426799 0.344494 0.00672096 0.25 0.00426799 0.344494 0.00426799 0.655506 0.00426799 0 0 0 0 0 0 0 0 0 0 0 0 0 0 0 0 0 0 0.625 0 0 0 0.655506 0.00206995 0.344494 0.00206995 0.375 0 0.655506 0.00206995 0 0 0 0 0 0 0.625 0 0.622022 0 0 0 0.622022 0 0 0 0 0 0 0 0 0 0 0 0 0 0 0 0 0 0 0 0 0 0 0 0 0 0 0 0 0 0 0 0 0 0 0 0 0 0 0 0 0 0 0 0 0 0 0 0 0 0 0 0 0 0 0 0 0 0 0 0 0 0 0 0 0 0 0 0 0 0 0 0 0 0 0 0 0 0 0 0 0 0 0 0 0 0 0 0 0 0 0 0 0 0 0 0 0 0 0 0 0 0 0 0 0 0 0 0 0 0 0 0 0 0 0 0 0 0 0 0 0 0 0 0 0 0 0 0 0 0 0 0 0 0 0 0 0 0 0 0 0 0 0 0 0 0 0 0 0 0 0 0 0 0 0 0 0 0 0 0 0 0 0 0 0 0 0 0 0 0 0 0 0 0 0 0 0 0 0 0 0 0 0 0 0 0 0 0 0 0 0 0 0 0 0 0 0 0 0 0.25 0.00426799 0 0 0 0 0 0 0 0 0 0 0 0 0 0 0 0 0 0 0 0 0 0 0 0 0 0 0 0 0 0 0 0 0 0 0 0 0 0 0 0 0 0 0 0 0 0 0 0 0 0 0 0 0 0 0 0 0 0 0 0 0 0 0 0 0 0 0 0 0 0 0 0 0 0 0 0 0 0 0 0 0 0 0 0 0 0 0 0 0 0 0.25 0.00426799 0 0 0.25 0.00206995 0.25 0.00426799 0.75 0.00206995 0.655506 0.00426799 0.655506 0.00206995 0 0 0 0 0 0 0 0 0 0 0 0 0.377978 0 0 0 0.622022 0 0.25 0.00206995 0 0 0.375 0 0 0 0.377978 0 0.375 0 0.25 0.00206995 0 0 0 0 0 0 0 0 0 0 0 0 0 0 0 0 0 0 0 0 0 0 0 0 0 0 0 0 0 0 0 0 0 0 0 0 0 0 0 0 0 0 0 0 0 0 0 0 0 0 0 0 0 0 0 0 0 0 0 0 0 0 0 0 0 0 0 0 0 0 0 0 0 0 0 0 0 0 0 0 0 0 0 0 0 0 0 0 0 0 0 0 0 0 0 0 0 0 0 0 0 0 0 0 0 0 0 0 0 0 0 0 0 0 0 0 0 0 0 0 0 0 0 0 0 0 0 0 0 0 0 0 0 0 0 0 0 0 0 0 0 0 0 0 0 0 0 0 0 0 0 0 0 0 0 0 0 0 0 0 0 0 0 0 0 0 0 0 0 0 0 0 0 0 0 0 0 0 0 0 0 0 0 0 0 0 0 0 0 0 0 0 0 0 0 0 0 0 0 0 0 0 0 0 0 0 0 0 0 0 0 0 0 0 0.344494 0.00206995 0.655506 0.00426799 0.344494 0.00426799 0 0 0 0 0 0 0 0 0 0 0 0 0 0 0 0 0 0 0 0 0 0 0 0 0 0 0 0 0 0 0 0 0 0 0 0 0 0 0 0 0 0 0 0 0 0 0 0 0 0 0 0 0 0 0 0 0 0 0 0 0 0 0 0 0 0 0 0 0 0 0 0 0 0 0 0 0 0 0 0 0 0 0 0 0 0 0 0 0 0 0 0 0 0 0 0 0 0 0 0 0 0 0 0 0 0 0 0 0.25 0.00206995 0.344494 0.00426799 0.25 0.00426799 0 0 0 0 0 0 0 0 0 0 0 0 0 0 0 0 0 0 0 0 0 0 0 0 0 0 0 0 0 0 0 0 0 0 0 0 0 0 0 0 0 0 0 0 0 0 0 0 0 0 0 0 0 0 0 0 0 0 0 0 0 0 0 0 0 0 0 0 0 0 0 0 0 0 0 0 0 0 0 0 0 0 0 0 0 0 0 0 0 0 0 0 0 0 0 0 0 0 0 0 0 0 0 0 0 0 0 0 0 0 0 0 0 0 0 0 0 0 0 0 0 0 0 0 0 0 0 0 0 0 0 0 0 0 0 0 0 0 0 0 0 0 0 0 0 0 0 0 0 0 0 0 0 0 0 0 0 0 0 0 0 0 0 0 0 0 0 0 0 0 0 0 0 0 0 0 0 0 0 0 0 0 0 0 0 0 0 0 0 0 0 0 0 0 0 0 0 0 0 0 0 0 0 0 0 0 0 0 0 0 0 0 0 0 0 0 0 0 0 0 0 0 0 0 0 0 0 0 0 0 0 0 0 0 0 0 0 0 0 0 0 0 0 0 0 0 0 0 0 0 0 0 0 0 0 0 0 0 0 0 0 0 0 0 0 0 0 0 0 0 0 0 0 0 0 0 0 0 0 0 0 0 0 0 0 0 0 0 0 0 0 0 0 0 0 0 0 0 0 0 0 0 0 0 0 0 0 0 0 0 0 0 0 0 0 0 0 0 0 0 0 0 0 0 0 0 0 0 0 0 0 0 0 0 0 0 0 0 0 0 0 0 0 0 0 0 0 0 0 0 0 0 0 0 0 0 0 0 0 0 0 0 0 0 0 0 0 0 0 0 0 0 0 0 0 0 0 0 0 0 0 0 0 0 0 0 0 0 0 0 0 0 0 0 0 0 0 0 0 0 0 0 0 0 0 0 0 0 0 0 0 0 0 0 0 0 0 0 0 0 0 0 0 0 0 0 0 0 0 0 0 0 0 0 0 0 0 0 0 0 0 0 0 0 0 0 0 0 0 0 0 0 0 0 0 0 0 0 0 0 0 0 0 0 0 0 0 0 0 0 0 0 0 0 0 0 0 0 0 0 0 0 0 0 0 0 0 0 0 0 0 0 0 0 0 0 0 0 0 0 0 0 0 0 0 0 0 0 0 0 0 0 0 0 0 0 0 0 0 0 0 0 0 0 0 0 0 0 0 0 0 0 0 0 0 0 0 0 0 0 0 0 0 0 0 0 0 0 0 0 0 0 0 0 0 0 0 0 0 0 0 0 0 0 0 0 0 0 0 0 0 0 0 0 0 0 0 0 0 0 0 0 0 0 0 0 0 0 0 0 0 0 0 0 0 0 0 0 0 0 0 0 0 0 0 0 0 0 0 0 0 0 0 0 0 0 0 0 0 0 0 0 0 0 0 0 0 0 0 0 0 0 0 0 0 0 0 0 0 0 0 0 0 0 0 0 0 0 0 0 0 0 0 0 0 0 0 0 0 0 0 0 0 0 0 0 0 0 0 0 0.25 0.00672096 0 0 0 0 0 0 0 0 0 0 0 0 0 0 0 0 0 0 0 0 0 0 0 0 0 0 0 0 0 0 0 0 0 0 0 0 0 0 0 0 0 0 0 0 0 0 0 0 0 0 0 0 0 0 0 0 0 0 0 0 0 0 0 0 0 0 0 0 0 0 0 0 0 0 0 0 0 0 0 0 0 0 0 0 0 0 0 0 0 0 0 0 0 0 0 0 0 0 0 0 0 0 0 0 0 0 0 0 0 0 0 0 0 0 0 0 0 0 0 0 0 0 0 0 0 0 0 0 0 0 0 0 0 0 0 0 0 0 0.377978 0 0.622022 0 0.655506 0.00206995 0 0 0 0 0 0 0 0 0 0 0 0 0.75 0.00672096 0 0 0 0 0 0 0 0 0 0 0 0 0 0 0 0 0 0 0 0 0 0 0 0 0 0 0 0 0 0 0 0 0 0 0 0 0 0 0 0 0 0 0 0 0 0 0 0 0 0 0 0 0 0 0 0 0 0 0 0 0 0 0 0 0 0 0 0 0 0 0 0 0 0 0 0 0 0 0 0 0 0 0 0 0 0 0 0 0 0 0 0 0 0 0 0 0 0 0 0 0 0 0 0 0 0 0 0 0 0 0 0 0 0 0 0 0 0 0 0 0 0 0 0 0 0 0 0 0 0 0 0 0 0 0 0 0 0 0 0 0 0 0 0 0 0 0 0 0 0 0 0 0 0 0 0 0 0 0.25 0.00426799 0 0 0 0 0 0 0 0 0 0 0 0 0 0 0 0 0 0 0 0 0 0 0 0 0 0 0 0 0 0 0 0 0 0 0 0 0 0 0 0 0 0 0.75 0.00206995 0.75 0.00426799 0.655506 0.00426799 0 0 0 0 0 0 0 0 0 0 0 0 0 0 0 0 0 0 0 0 0 0 0 0 0 0 0 0 0 0 0 0 0 0 0 0 0 0 0 0 0 0 0 0 0 0 0 0 0 0 0 0 0 0 0 0 0 0 0 0 0 0 0 0 0 0 0 0 0 0 0 0 0 0 0 0 0 0 0.344494 0.00206995 0.655506 0.00206995 0.655506 0.00426799 0 0 0 0 0 0 0 0 0 0 0 0 0 0 0 0 0 0 0 0 0 0 0 0 0 0 0 0 0 0 0 0 0 0 0 0 0 0 0 0 0 0 0 0 0 0 0 0 0 0 0 0 0 0 0 0 0 0 0 0 0.25 0.00206995 0.344494 0.00206995 0.344494 0.00426799 0 0 0 0 0 0 0 0 0 0 0 0 0 0 0 0 0 0 0 0 0 0 0 0 0 0 0 0 0 0 0 0 0 0 0 0 0 0 0 0 0 0 0 0 0 0 0 0 0 0 0 0 0 0 0 0 0 0 0 0 0 0 0 0 0 0 0 0 0 0 0 0 0 0 0 0 0 0 0 0 0 0 0 0 0 0 0 0 0 0 0 0 0 0 0 0 0 0 0 0 0 0 0 0 0 0 0 0 0 0 0 0 0 0 0 0 0 0 0 0 0 0 0 0 0 0 0 0 0 0 0 0 0 0 0 0 0 0 0 0 0 0 0 0 0 0 0 0 0 0 0 0 0 0 0 0 0 0 0 0 0 0 0 0 0 0 0 0 0 0 0 0 0 0 0 0 0 0 0 0 0 0 0 0 0 0 0 0 0 0 0 0 0 0 0 0 0 0 0 0 0 0 0 0 0 0 0 0 0 0 0 0 0 0 0 0</float_array>
          <technique_common>
            <accessor source="#pSphere1Mesh-mesh-map-4-array" count="2424" stride="2">
              <param name="S" type="float"/>
              <param name="T" type="float"/>
            </accessor>
          </technique_common>
        </source>
        <source id="pSphere1Mesh-mesh-map-5">
          <float_array id="pSphere1Mesh-mesh-map-5-array" count="4848">0 0 0 0 0 0 0 0 0 0 0 0 0 0 0 0 0 0 0 0 0 0 0 0 0 0 0 0 0 0 0 0 0 0 0 0 0 0 0 0 0 0 0 0 0 0 0 0 0 0 0 0 0 0 0 0 0 0 0 0 0 0 0 0 0 0 0 0 0 0 0 0 0 0 0 0 0 0 0 0 0 0 0 0 0 0 0 0 0 0 0 0 0 0 0 0 0 0 0 0 0 0 0 0 0 0 0 0 0 0 0 0 0 0 0 0 0 0 0 0 0 0 0 0 0 0 0 0 0 0 0 0 0 0 0 0 0 0 0 0 0 0 0 0 0 0 0 0 0 0 0 0 0 0 0 0 0 0 0 0 0 0 0 0 0 0 0 0 0 0 0 0 0 0 0 0 0 0 0 0 0 0 0 0 0 0 0 0 0 0 0 0 0 0 0 0 0 0 0 0 0 0 0 0 0 0 0 0 0 0 0 0 0 0 0 0 0 0 0 0 0 0 0 0 0 0 0 0 0 0 0 0 0 0 0 0 0 0 0 0 0 0 0 0 0 0 0 0 0 0 0 0 0 0 0 0 0 0 0 0 0 0 0 0 0 0 0 0 0 0 0 0 0 0 0 0 0 0 0 0 0 0 0 0 0 0 0 0 0 0 0 0 0 0 0 0 0 0 0 0 0 0 0 0 0 0 0 0 0 0 0 0 0 0 0 0 0 0 0 0 0 0 0 0 0 0 0 0 0 0 0 0 0 0 0 0 0 0 0 0 0 0 0 0 0 0 0 0 0 0 0 0 0 0 0 0 0 0 0 0 0 0 0 0 0 0 0 0 0 0 0 0 0 0 0 0 0 0 0 0 0 0 0 0 0 0 0 0 0 0 0 0 0 0 0 0 0 0 0 0 0 0 0 0 0 0 0 0 0 0 0 0 0 0 0 0 0 0 0 0 0 0 0 0 0 0 0 0 0 0 0 0 0 0 0 0 0 0 0 0 0 0 0 0 0 0 0 0 0 0 0 0 0 0 0 0 0 0 0 0 0 0 0 0 0 0 0 0 0 0 0 0 0 0 0 0 0 0 0 0 0 0 0 0 0 0 0 0 0 0 0 0 0 0 0 0 0 0 0 0 0 0 0 0 0 0 0 0 0 0 0 0 0 0 0 0 0 0 0 0 0 0 0 0 0 0 0 0 0 0 0 0 0 0 0 0 0 0 0 0 0 0 0 0 0 0 0 0 0 0 0 0 0 0 0 0 0 0 0 0 0 0 0 0 0 0 0 0 0 0 0 0 0 0 0 0 0 0 0 0 0 0 0 0 0 0 0 0 0 0 0 0 0 0 0 0 0 0 0 0 0 0 0 0 0 0 0 0 0 0 0 0 0 0 0 0 0 0 0 0 0 0 0 0 0 0 0 0 0 0 0 0 0 0 0 0 0 0 0 0 0 0 0 0 0 0 0 0 0 0 0 0 0 0 0 0 0 0 0 0 0 0 0 0 0 0 0 0 0 0 0 0 0 0 0 0 0 0 0 0 0 0 0 0 0 0 0 0 0 0 0 0 0 0 0 0 0 0 0 0 0 0 0 0 0 0 0 0 0 0 0 0 0 0 0 0 0 0 0 0 0 0 0 0 0 0 0 0 0 0 0 0 0 0 0 0 0 0 0 0 0 0 0 0 0 0 0 0 0 0 0 0 0 0 0 0 0 0 0 0 0 0 0 0 0 0 0 0 0 0 0 0 0 0 0 0 0 0 0 0 0 0 0 0 0 0 0 0 0 0 0 0 0 0 0 0 0 0 0 0 0 0 0 0 0 0 0 0 0 0 0 0 0 0 0 0 0 0 0 0 0 0 0 0 0 0 0 0 0 0 0 0 0 0 0 0 0 0 0 0 0 0 0 0 0 0 0 0 0 0 0 0 0 0 0 0 0 0 0 0 0 0 0 0 0 0 0 0 0 0 0 0 0 0 0 0 0 0 0 0 0 0 0 0 0 0 0 0 0 0 0 0 0 0 0 0 0 0 0 0 0 0 0 0 0 0 0 0 0 0 0 0 0 0 0 0 0 0 0 0 0 0 0 0 0 0 0 0 0 0 0 0 0 0 0 0 0 0 0 0 0 0 0 0 0 0 0 0 0 0 0 0 0 0 0 0 0 0 0 0 0 0 0 0 0 0 0 0 0 0 0 0 0 0 0 0 0 0 0 0 0 0 0 0 0 0 0 0 0 0 0 0 0 0 0 0 0 0 0 0 0 0 0 0 0 0 0 0 0 0 0 0 0 0 0 0 0 0 0 0 0 0 0 0 0 0 0 0 0 0 0 0 0 0 0 0 0 0 0 0 0 0 0 0 0 0 0 0 0 0 0 0 0 0 0 0 0 0 0 0 0 0 0 0 0 0 0 0 0 0 0 0 0 0 0 0 0 0 0 0 0 0 0 0 0 0 0 0 0 0 0 0 0 0 0 0 0 0 0 0 0 0 0 0 0 0 0 0 0 0 0 0 0 0 0 0 0 0 0 0 0 0 0 0 0 0 0 0 0 0 0 0 0 0 0 0 0 0 0 0 0 0 0 0 0 0 0 0 0 0 0 0 0 0 0 0 0 0 0 0 0 0 0 0 0 0 0 0 0 0 0 0 0 0 0 0 0 0 0 0 0 0 0 0 0 0 0 0 0 0 0 0 0 0 0 0 0 0 0 0 0 0 0 0 0 0 0 0 0 0 0 0 0 0 0 0 0 0 0 0 0 0 0 0 0 0 0 0 0 0 0 0 0 0 0 0 0 0 0 0 0 0 0 0 0 0 0 0 0 0 0 0 0 0 0 0 0 0 0 0 0 0 0 0 0 0 0 0 0 0 0 0 0 0 0 0 0 0 0 0 0 0 0 0 0 0 0 0 0 0 0 0 0 0 0 0 0 0 0 0 0 0 0 0 0 0 0 0 0 0 0 0 0 0 0 0 0 0 0 0 0 0 0 0 0 0 0 0 0 0 0 0 0 0 0 0 0 0 0 0 0 0 0 0 0 0 0 0 0 0 0 0 0 0 0 0 0 0 0 0 0 0 0 0 0 0 0 0 0 0 0 0 0 0 0 0 0 0 0 0 0 0 0 0 0 0 0 0 0 0 0 0 0 0 0 0 0 0 0 0 0 0 0 0 0 0 0 0 0 0 0 0 0 0 0 0 0 0 0 0 0 0 0 0 0 0 0 0 0 0 0 0 0 0 0 0 0 0 0 0 0 0 0 0 0 0 0 0 0 0 0 0 0 0 0 0 0 0 0 0 0 0 0 0 0 0 0 0 0 0 0 0 0 0 0 0 0 0 0 0 0 0 0 0 0 0 0 0 0 0 0 0 0 0 0 0 0 0 0 0 0 0 0 0 0 0 0 0 0 0 0 0 0 0 0 0 0 0 0 0 0 0 0 0 0 0 0 0 0 0 0 0 0 0 0 0 0 0 0 0 0 0 0 0 0 0 0 0 0 0 0 0 0 0 0 0 0 0 0 0 0 0 0 0 0 0 0 0 0 0 0 0 0 0 0 0 0 0 0 0 0 0 0 0 0 0 0 0 0 0 0 0 0 0 0 0 0 0 0 0 0 0 0 0 0 0 0 0 0 0 0 0 0 0 0 0 0 0 0 0 0 0 0 0 0 0 0 0 0 0 0 0 0 0 0 0 0 0 0 0 0 0 0 0 0 0 0 0 0 0 0 0 0 0 0 0 0 0 0 0 0 0 0 0 0 0 0 0 0 0 0 0 0 0 0 0 0 0 0 0 0 0 0 0 0 0 0 0 0 0 0 0 0 0 0 0 0 0 0 0 0 0 0 0 0 0 0 0 0 0 0 0 0 0 0 0 0 0 0 0 0 0 0 0 0 0 0 0 0 0 0 0 0 0 0 0 0 0 0 0 0 0 0 0 0 0 0 0 0 0 0 0 0 0 0 0 0 0 0 0 0 0 0 0 0 0 0 0 0 0 0 0 0 0 0 0 0 0 0 0 0 0 0 0 0 0 0 0 0 0 0 0 0 0 0 0 0 0 0 0 0 0 0 0 0 0 0 0 0 0 0 0 0 0 0 0 0 0 0 0 0 0 0 0 0 0 0 0 0 0 0 0 0 0 0 0 0 0 0 0 0 0 0 0 0 0 0 0 0 0 0 0 0 0 0 0 0 0 0 0 0 0 0 0 0 0 0 0 0 0 0 0 0 0 0 0 0 0 0 0 0 0 0 0 0 0 0 0 0 0 0 0 0 0 0 0 0 0 0 0 0 0 0 0 0 0 0 0 0 0 0 0 0 0 0 0 0 0 0 0 0 0 0 0 0 0 0 0 0 0 0 0 0 0 0 0 0 0 0 0 0 0 0 0 0 0 0 0 0 0 0 0 0 0 0 0 0 0 0 0 0 0 0 0 0 0 0 0 0 0 0 0 0 0 0 0 0 0 0 0 0 0 0 0 0 0 0 0 0 0 0 0 0 0 0 0 0 0 0 0 0 0 0 0 0 0 0 0 0 0 0 0 0 0 0 0 0 0 0 0 0 0 0 0 0 0 0 0 0 0 0 0 0 0 0 0 0 0 0 0 0 0 0 0 0 0 0 0 0 0 0 0 0 0 0 0 0 0 0 0 0 0 0 0 0 0 0 0 0 0 0 0 0 0 0 0 0 0 0 0 0 0 0 0 0 0 0 0 0 0 0 0 0 0 0 0 0 0 0 0 0 0 0 0 0 0 0 0 0 0 0 0 0 0 0 0 0 0 0 0 0 0 0 0 0 0 0 0 0 0 0 0 0 0 0 0 0 0 0 0 0 0 0 0 0 0 0 0 0 0 0 0 0 0 0 0 0 0 0 0 0 0 0 0 0 0 0 0 0 0 0 0 0 0 0 0 0 0 0 0 0 0 0 0 0 0 0 0 0 0 0 0 0 0 0 0 0 0 0 0 0 0 0 0 0 0 0 0 0 0 0 0 0 0 0 0 0 0 0 0 0 0 0 0 0 0 0 0 0 0 0 0 0 0 0 0 0 0 0 0 0 0 0 0 0 0 0 0 0 0 0 0 0 0 0 0 0 0 0 0 0 0 0 0 0 0 0 0 0 0 0 0 0 0 0 0 0 0 0 0 0 0 0 0 0 0 0 0 0 0 0 0 0 0 0 0 0 0 0 0 0 0 0 0 0 0 0 0 0 0 0 0 0 0 0 0 0 0 0 0 0 0 0 0 0 0 0 0 0 0 0 0 0 0 0 0 0 0 0 0 0 0 0 0 0 0 0 0 0 0 0 0 0 0 0 0 0 0 0 0 0 0 0 0 0 0 0 0 0 0 0 0 0 0 0 0 0 0 0 0 0 0 0 0 0 0 0 0 0 0 0 0 0 0 0 0 0 0 0 0 0 0 0 0 0 0 0 0 0 0 0 0 0 0 0 0 0 0 0 0 0 0 0 0 0 0 0 0 0 0 0 0 0 0 0 0 0 0 0 0 0 0 0 0 0 0 0 0 0 0 0 0 0 0 0 0 0 0 0 0 0 0 0 0 0 0 0 0 0 0 0 0 0 0 0 0 0 0 0 0 0 0 0 0 0 0 0 0 0 0 0 0 0 0 0 0 0 0 0 0 0 0 0 0 0 0 0 0 0 0 0 0 0 0 0 0 0 0 0 0 0 0 0 0 0 0 0 0 0 0 0 0 0 0 0 0 0 0 0 0 0 0 0 0 0 0 0 0 0 0 0 0 0 0 0 0 0 0 0 0 0 0 0 0 0 0 0 0 0 0 0 0 0 0 0 0 0 0 0 0 0 0 0 0 0 0 0 0 0 0 0 0 0 0 0 0 0 0 0 0 0 0 0 0 0 0 0 0 0 0 0 0 0 0 0 0 0 0 0 0 0 0 0 0 0 0 0 0 0 0 0 0 0 0 0 0 0 0 0 0 0 0 0 0 0 0 0 0 0 0 0 0 0 0 0 0 0 0 0 0 0 0 0 0 0 0 0 0 0 0 0 0 0 0 0 0 0 0 0 0 0 0 0 0 0 0 0 0 0 0 0 0 0 0 0 0 0 0 0 0 0 0 0 0 0 0 0 0 0 0 0 0 0 0 0 0 0 0 0 0 0 0 0 0 0 0 0 0 0 0 0 0 0 0 0 0 0 0 0 0 0 0 0 0 0 0 0 0 0 0 0 0 0 0 0 0 0 0 0 0 0 0 0 0 0 0 0 0 0 0 0 0 0 0 0 0 0 0 0 0 0 0 0 0 0 0 0 0 0 0 0 0 0 0 0 0 0 0 0 0 0 0 0 0 0 0 0 0 0 0 0 0 0 0 0 0 0 0 0 0 0 0 0 0 0 0 0 0 0 0 0 0 0 0 0 0 0 0 0 0 0 0 0 0 0 0 0 0 0 0 0 0 0 0 0 0 0 0 0 0 0 0 0 0 0 0 0 0 0 0 0 0 0 0 0 0 0 0 0 0 0 0 0 0 0 0 0 0 0 0 0 0 0 0 0 0 0 0 0 0 0 0 0 0 0 0 0 0 0 0 0 0 0 0 0 0 0 0 0 0 0 0 0 0 0 0 0 0 0 0 0 0 0 0 0 0 0 0 0 0 0 0 0 0 0 0 0 0 0 0 0 0 0 0 0 0 0 0 0 0 0 0 0 0 0 0 0 0 0 0 0 0 0 0 0 0 0 0 0 0 0 0 0 0 0 0 0 0 0 0 0 0 0 0 0 0 0 0 0 0 0 0 0 0 0 0 0 0 0 0 0 0 0 0 0 0 0 0 0 0 0 0 0 0 0 0 0 0 0 0 0 0 0 0 0 0 0 0 0 0 0 0 0 0 0 0 0 0 0 0 0 0 0 0 0 0 0 0 0 0 0 0 0 0 0 0 0 0 0 0 0 0 0 0 0 0 0 0 0 0 0 0 0 0 0 0 0 0 0 0 0 0 0 0 0 0 0 0 0 0 0 0 0 0 0 0 0 0 0 0 0 0 0 0 0 0 0 0 0 0 0 0 0 0 0 0 0 0 0 0 0 0 0 0 0 0 0 0 0 0 0 0 0 0 0 0 0 0 0 0 0 0 0 0 0 0 0 0 0 0 0 0 0 0 0 0 0 0 0 0 0 0 0 0 0 0 0 0 0 0 0 0 0 0 0 0 0 0 0 0 0 0 0 0 0 0 0 0 0 0 0 0 0 0 0 0 0 0 0 0 0 0 0 0 0 0 0 0 0 0 0 0 0 0 0 0 0 0 0 0 0 0 0 0 0 0 0 0 0 0 0 0 0 0 0 0 0 0 0 0 0 0 0 0 0 0 0 0 0 0 0 0 0 0 0 0 0 0 0 0 0 0 0 0 0 0 0 0 0 0 0 0 0 0 0 0 0 0 0 0 0 0 0 0 0 0 0 0 0 0 0 0 0 0 0 0 0 0 0 0 0 0 0 0 0 0 0 0 0 0 0 0 0 0 0 0 0 0 0 0 0 0 0 0 0 0 0 0 0 0 0 0 0 0 0 0 0 0 0 0 0 0 0 0 0 0 0 0 0 0 0 0 0 0 0 0 0 0 0 0 0 0 0 0 0 0 0 0 0 0 0 0 0 0 0 0 0 0 0 0 0 0 0 0 0 0 0 0 0 0 0 0 0 0 0 0 0 0 0 0 0 0 0 0 0 0 0 0 0 0 0 0 0 0 0 0 0 0 0 0 0 0 0 0 0 0 0 0 0 0 0 0 0 0 0 0 0 0 0 0 0 0 0 0 0 0 0 0 0 0 0 0 0 0 0 0 0 0 0 0 0 0 0 0 0 0 0 0 0 0 0 0 0 0 0 0 0 0 0 0 0 0 0 0 0 0 0 0 0 0 0 0 0 0 0 0 0 0 0 0 0 0 0 0 0 0 0 0 0 0 0 0 0 0 0 0 0 0 0 0 0 0 0 0 0 0 0 0 0 0 0 0 0 0 0 0 0 0 0 0 0 0 0 0 0 0 0 0 0 0 0 0 0 0 0 0 0 0 0 0 0 0 0 0 0 0 0 0 0 0 0 0 0 0 0 0 0 0 0 0 0 0 0 0 0 0 0 0 0 0 0 0 0 0 0 0 0 0 0 0 0 0 0 0 0 0 0 0 0 0 0 0 0 0 0 0 0 0 0 0 0 0 0 0 0 0 0 0 0 0 0 0 0 0 0 0 0 0 0 0 0 0 0 0 0 0 0 0 0 0 0 0 0 0 0 0 0 0 0 0 0 0 0 0 0 0 0 0 0 0 0 0 0 0 0 0 0 0 0 0 0 0 0 0 0 0 0 0 0 0 0 0 0 0 0 0 0 0 0 0 0 0 0 0 0 0 0 0 0 0 0 0 0 0 0 0 0 0 0 0 0 0 0 0 0 0 0 0 0 0 0 0 0 0 0 0 0 0 0 0 0 0 0 0 0 0 0 0 0 0 0 0 0 0 0 0 0 0 0 0 0 0 0 0 0 0 0 0 0 0 0 0 0 0 0 0 0 0 0 0 0 0 0 0 0 0 0 0 0 0 0 0 0 0 0 0 0 0 0 0 0 0 0 0 0 0 0 0 0 0 0 0 0 0 0 0 0 0 0 0 0 0 0 0 0 0 0 0 0 0 0 0 0 0 0 0 0 0 0 0 0 0 0 0 0 0 0 0 0 0 0 0 0 0 0 0 0 0 0 0 0 0 0 0 0 0 0 0 0 0 0 0 0 0 0 0 0 0 0 0 0 0 0 0 0 0 0 0 0 0 0 0 0 0 0 0 0 0 0 0 0 0 0 0 0 0 0 0 0 0 0 0 0 0 0 0 0 0 0 0 0 0 0 0 0 0 0 0 0 0 0 0 0 0 0 0 0 0 0 0 0 0 0 0 0 0 0 0 0 0 0 0 0 0 0 0 0 0 0 0 0 0 0 0 0 0 0 0 0 0 0 0 0 0 0 0 0 0 0 0 0 0 0 0 0 0 0 0 0 0 0 0 0 0 0 0 0 0 0 0 0 0 0 0 0 0 0 0 0 0 0 0 0 0 0 0 0 0 0 0 0 0 0 0 0 0 0 0 0 0 0 0 0 0 0 0 0 0 0 0 0 0 0 0 0 0 0 0 0 0 0 0 0 0 0 0 0 0 0 0 0 0 0 0 0 0 0 0 0 0 0 0 0 0 0 0 0 0 0 0 0 0 0 0 0 0 0 0 0 0 0 0 0 0 0 0 0 0 0 0 0 0 0 0 0 0 0 0 0 0 0 0 0 0 0 0 0 0 0 0 0 0 0 0 0 0 0 0 0 0 0 0 0 0 0 0 0 0 0 0 0 0 0 0 0 0 0 0 0 0 0 0 0 0 0 0 0 0 0 0 0 0 0 0 0 0 0 0 0 0 0 0 0 0 0 0 0 0 0 0 0 0 0 0 0 0 0 0 0 0 0 0 0 0 0 0 0 0 0 0 0 0 0 0 0 0 0 0 0 0 0 0 0 0 0 0 0 0 0 0 0 0 0 0 0 0 0 0 0 0 0 0 0 0 0 0 0 0 0 0 0 0 0 0 0 0 0 0 0 0 0 0 0 0 0 0 0 0 0 0 0 0 0 0 0 0 0 0 0 0 0 0 0 0 0 0 0 0 0 0 0 0 0 0 0 0 0 0 0 0 0 0 0 0 0 0 0 0 0 0 0 0 0 0 0 0 0 0 0 0 0 0 0 0 0 0 0 0 0 0 0 0 0 0 0 0 0 0 0 0 0 0 0 0 0 0 0 0 0 0 0 0 0 0 0 0 0 0 0 0 0 0 0 0 0 0 0 0 0 0 0 0 0 0 0 0 0 0 0 0 0 0 0 0 0 0 0 0 0 0 0 0 0 0 0 0 0 0 0 0 0 0 0 0 0 0 0 0 0 0 0 0 0 0 0 0 0 0 0 0 0 0 0 0 0 0 0 0 0 0 0 0 0 0 0 0 0 0 0 0 0 0 0 0 0 0 0 0 0 0 0 0 0 0 0 0 0 0 0 0 0 0 0 0 0 0 0 0 0 0 0 0 0 0 0 0 0 0 0 0 0 0 0 0 0 0 0 0 0 0 0 0 0 0 0 0 0 0 0 0 0 0 0 0 0 0 0 0 0 0 0 0 0 0 0 0 0 0 0 0 0 0 0 0 0 0 0 0 0 0 0 0 0 0 0 0 0 0 0 0 0 0 0 0 0 0 0 0 0 0 0 0 0 0 0 0 0 0 0 0 0 0 0 0 0 0 0 0 0 0 0 0 0 0 0 0 0 0 0 0 0 0 0 0 0 0 0 0 0 0 0 0 0 0 0 0 0 0 0 0 0 0 0 0 0 0 0 0 0 0 0 0 0 0 0 0 0 0 0 0 0 0 0 0 0 0 0 0 0 0 0 0 0 0 0 0 0 0 0 0 0 0 0 0 0 0 0 0 0 0 0 0 0 0 0 0 0 0 0 0 0 0 0 0 0 0 0 0 0 0 0 0 0 0 0 0 0 0 0 0 0 0 0 0 0 0 0 0 0 0 0 0 0 0 0 0 0 0 0 0 0 0 0 0 0 0 0 0 0 0 0 0 0 0 0 0 0 0 0 0 0 0 0 0 0 0 0 0 0 0 0 0 0 0 0 0 0 0 0 0 0 0 0 0 0 0 0 0 0 0 0 0 0 0 0 0 0 0 0 0 0 0 0 0 0 0 0 0 0 0 0 0 0 0 0 0 0 0 0 0 0 0 0 0 0 0 0 0 0 0 0 0 0 0 0 0 0 0 0 0 0 0 0 0 0 0 0 0 0 0 0 0 0 0 0 0 0 0 0 0 0 0 0 0 0 0 0 0 0 0 0 0 0 0 0 0 0 0 0 0 0 0 0 0 0 0 0 0</float_array>
          <technique_common>
            <accessor source="#pSphere1Mesh-mesh-map-5-array" count="2424" stride="2">
              <param name="S" type="float"/>
              <param name="T" type="float"/>
            </accessor>
          </technique_common>
        </source>
        <source id="pSphere1Mesh-mesh-map-6">
          <float_array id="pSphere1Mesh-mesh-map-6-array" count="4848">0 0 0 0 0 0 0 0 0 0 0 0 0 0 0 0 0 0 0 0 0 0 0 0 0 0 0 0 0 0 0 0 0 0 0 0 0 0 0 0 0 0 0 0 0 0 0 0 0 0 0 0 0 0 0 0 0 0 0 0 0 0 0 0 0 0 0 0 0 0 0 0 0 0 0 0 0 0 0 0 0 0 0 0 0 0 0 0 0 0 0 0 0 0 0 0 0 0 0 0 0 0 0 0 0 0 0 0 0 0 0 0 0 0 0 0 0 0 0 0 0 0 0 0 0 0 0 0 0 0 0 0 0 0 0 0 0 0 0 0 0 0 0 0 0 0 0 0 0 0 0 0 0 0 0 0 0 0 0 0 0 0 0 0 0 0 0 0 0 0 0 0 0 0 0 0 0 0 0 0 0 0 0 0 0 0 0 0 0 0 0 0 0 0 0 0 0 0 0 0 0 0 0 0 0 0 0 0 0 0 0 0 0 0 0 0 0 0 0 0 0 0 0 0 0 0 0 0 0 0 0 0 0 0 0 0 0 0 0 0 0 0 0 0 0 0 0 0 0 0 0 0 0 0 0 0 0 0 0 0 0 0 0 0 0 0 0 0 0 0 0 0 0 0 0 0 0 0 0 0 0 0 0 0 0 0 0 0 0 0 0 0 0 0 0 0 0 0 0 0 0 0 0 0 0 0 0 0 0 0 0 0 0 0 0 0 0 0 0 0 0 0 0 0 0 0 0 0 0 0 0 0 0 0 0 0 0 0 0 0 0 0 0 0 0 0 0 0 0 0 0 0 0 0 0 0 0 0 0 0 0 0 0 0 0 0 0 0 0 0 0 0 0 0 0 0 0 0 0 0 0 0 0 0 0 0 0 0 0 0 0 0 0 0 0 0 0 0 0 0 0 0 0 0 0 0 0 0 0 0 0 0 0 0 0 0 0 0 0 0 0 0 0 0 0 0 0 0 0 0 0 0 0 0 0 0 0 0 0 0 0 0 0 0 0 0 0 0 0 0 0 0 0 0 0 0 0 0 0 0 0 0 0 0 0 0 0 0 0 0 0 0 0 0 0 0 0 0 0 0 0 0 0 0 0 0 0 0 0 0 0 0 0 0 0 0 0 0 0 0 0 0 0 0 0 0 0 0 0 0 0 0 0 0 0 0 0 0 0 0 0 0 0 0 0 0 0 0 0 0 0 0 0 0 0 0 0 0 0 0 0 0 0 0 0 0 0 0 0 0 0 0 0 0 0 0 0 0 0 0 0 0 0 0 0 0 0 0 0 0 0 0 0 0 0 0 0 0 0 0 0 0 0 0 0 0 0 0 0 0 0 0 0 0 0 0 0 0 0 0 0 0 0 0 0 0 0 0 0 0 0 0 0 0 0 0 0 0 0 0 0 0 0 0 0 0 0 0 0 0 0 0 0 0 0 0 0 0 0 0 0 0 0 0 0 0 0 0 0 0 0 0 0 0 0 0 0 0 0 0 0 0 0 0 0 0 0 0 0 0 0 0 0 0 0 0 0 0 0 0 0 0 0 0 0 0 0 0 0 0 0 0 0 0 0 0 0 0 0 0 0 0 0 0 0 0 0 0 0 0 0 0 0 0 0 0 0 0 0 0 0 0 0 0 0 0 0 0 0 0 0 0 0 0 0 0 0 0 0 0 0 0 0 0 0 0 0 0 0 0 0 0 0 0 0 0 0 0 0 0 0 0 0 0 0 0 0 0 0 0 0 0 0 0 0 0 0 0 0 0 0 0 0 0 0 0 0 0 0 0 0 0 0 0 0 0 0 0 0 0 0 0 0 0 0 0 0 0 0 0 0 0 0 0 0 0 0 0 0 0 0 0 0 0 0 0 0 0 0 0 0 0 0 0 0 0 0 0 0 0 0 0 0 0 0 0 0 0 0 0 0 0 0 0 0 0 0 0 0 0 0 0 0 0 0 0 0 0 0 0 0 0 0 0 0 0 0 0 0 0 0 0 0 0 0 0 0 0 0 0 0 0 0 0 0 0 0 0 0 0 0 0 0 0 0 0 0 0 0 0 0 0 0 0 0 0 0 0 0 0 0 0 0 0 0 0 0 0 0 0 0 0 0 0 0 0 0 0 0 0 0 0 0 0 0 0 0 0 0 0 0 0 0 0 0 0 0 0 0 0 0 0 0 0 0 0 0 0 0 0 0 0 0 0 0 0 0 0 0 0 0 0 0 0 0 0 0 0 0 0 0 0 0 0 0 0 0 0 0 0 0 0 0 0 0 0 0 0 0 0 0 0 0 0 0 0 0 0 0 0 0 0 0 0 0 0 0 0 0 0 0 0 0 0 0 0 0 0 0 0 0 0 0 0 0 0 0 0 0 0 0 0 0 0 0 0 0 0 0 0 0 0 0 0 0 0 0 0 0 0 0 0 0 0 0 0 0 0 0 0 0 0 0 0 0 0 0 0 0 0 0 0 0 0 0 0 0 0 0 0 0 0 0 0 0 0 0 0 0 0 0 0 0 0 0 0 0 0 0 0 0 0 0 0 0 0 0 0 0 0 0 0 0 0 0 0 0 0 0 0 0 0 0 0 0 0 0 0 0 0 0 0 0 0 0 0 0 0 0 0 0 0 0 0 0 0 0 0 0 0 0 0 0 0 0 0 0 0 0 0 0 0 0 0 0 0 0 0 0 0 0 0 0 0 0 0 0 0 0 0 0 0 0 0 0 0 0 0 0 0 0 0 0 0 0 0 0 0 0 0 0 0 0 0 0 0 0 0 0 0 0 0 0 0 0 0 0 0 0 0 0 0 0 0 0 0 0 0 0 0 0 0 0 0 0 0 0 0 0 0 0 0 0 0 0 0 0 0 0 0 0 0 0 0 0 0 0 0 0 0 0 0 0 0 0 0 0 0 0 0 0 0 0 0 0 0 0.8 0.5 0.75 0.5 0.75 0.41609 0.8 0.5 0.75 0.41609 0.8 0.41609 0.85 0.5 0.8 0.5 0.8 0.41609 0.85 0.5 0.8 0.41609 0.85 0.41609 0.9 0.5 0.85 0.5 0.85 0.41609 0.9 0.5 0.85 0.41609 0.9 0.41609 0.55 0.41609 0.6 0.41609 0.6 0.5 0.6 0.5 0.55 0.5 0.55 0.41609 0.6 0.41609 0.65 0.41609 0.65 0.5 0.65 0.5 0.6 0.5 0.6 0.41609 0 0 0 0 0 0 0 0 0 0 0 0 0 0 0 0 0 0 0 0 0 0 0 0 0 0 0 0 0 0 0 0 0 0 0 0 0 0 0 0 0 0 0 0 0 0 0 0 0 0 0 0 0 0 0 0 0 0 0 0 0 0 0 0 0 0 0 0 0 0 0 0 0 0 0 0 0 0 0 0 0 0 0 0 0 0 0 0 0 0 0 0 0 0 0 0 0 0 0 0 0 0 0 0 0 0 0 0 0 0 0 0 0 0 0 0 0 0 0 0 0 0 0 0 0 0 0 0 0 0 0 0 0 0 0 0 0 0 0.95 0.41609 0 0 0 0 0.95 0.41609 0.9 0.41609 0 0 0.9 0.41609 0 0 0 0 0 0 0 0 0 0 0 0 0 0 0 0 0 0 0 0 0 0 0 0 0 0 0 0 0 0 0 0 0 0 0 0 0 0 0 0 0 0 0 0 0 0 0 0 0 0 0 0 0 0 0 0 0 0 0 0 0 0 0 0 0 0 0 0 0 0 0 0 0 0 0 0 0 0 0 0 0 0 0 0 0 0 0 0 0 0 0 0 0 0 0 0 0 0 0 0 0 0 0 0 0 0 0 0 0 0 0 0 0 0 0 0 0 0 0 0 0 0 0 0 0 0 0.9 0.5 0.95 0.5 0.85 0.41609 0 0 0.9 0.41609 0 0 0 0 0.9 0.41609 0 0 0 0 0 0 0 0 0 0 0 0 0 0 0 0 0 0 0 0 0 0 0 0 0 0 0 0 0 0 0 0 0 0 0 0 0 0 0 0 0 0 0 0 0 0 0 0 0 0 0 0 0 0 0 0 0 0 0 0 0 0 0 0 0 0 0 0 0 0 0 0 0 0 0 0 0 0 0 0 0 0 0 0 0 0 0 0 0 0 0 0 0 0 0 0 0 0 0 0 0 0 0 0 0 0 0.9 0.5 0 0 0 0 0.9 0.5 0 0 0 0 0.9 0.5 0 0 0.85 0.5 0.9 0.5 0 0 0 0 0 0 0 0 0 0 0 0 0.8 0.41609 0 0 0.85 0.41609 0 0 0 0 0.85 0.41609 0 0 0 0 0.85 0.41609 0 0 0 0 0.65 0.41609 0 0 0 0 0 0 0 0 0 0 0 0 0 0 0 0 0 0 0 0 0 0 0 0 0 0 0 0 0 0 0 0 0 0 0 0 0 0 0 0 0 0 0 0 0 0 0 0 0 0 0 0 0 0 0 0 0 0 0 0 0 0 0 0 0 0 0 0 0 0 0 0 0 0 0 0 0 0 0 0 0 0 0 0 0 0 0 0 0 0 0 0 0 0 0 0 0 0 0 0 0 0 0 0 0.55 0.41609 0.55 0.5 0 0 0 0 0 0 0 0 0 0 0 0 0 0 0 0 0 0 0 0 0 0 0 0 0 0 0 0 0 0 0 0 0 0 0 0 0 0 0 0 0 0 0 0 0 0 0 0 0 0 0 0 0 0 0 0 0.8 0.5 0.85 0.5 0 0 0 0 0.85 0.5 0 0 0 0 0 0 0 0 0 0 0 0 0 0 0 0 0 0 0 0 0 0 0 0 0 0 0 0 0 0 0 0 0 0 0 0 0.75 0.41609 0 0 0.8 0.41609 0 0 0 0 0 0 0.75 0.41609 0 0 0 0 0 0 0 0 0 0 0 0 0 0 0 0 0 0 0 0 0 0 0 0 0 0 0 0 0 0 0 0 0 0 0 0 0 0 0 0 0 0 0 0 0 0 0.75 0.41609 0.75 0.5 0.75 0.41609 0 0 0 0 0 0 0 0 0 0 0 0 0 0 0 0 0 0 0 0 0 0 0 0 0 0 0 0 0 0 0 0 0 0 0 0 0 0 0 0 0 0 0 0 0 0 0 0 0 0 0 0 0 0 0 0 0 0 0 0 0 0 0 0 0 0 0 0 0 0 0 0 0 0 0 0 0 0 0 0 0 0 0 0 0 0 0 0 0 0 0 0 0 0 0 0 0 0 0 0 0 0 0 0 0 0 0 0 0 0 0 0 0 0 0 0 0 0 0 0 0 0 0 0 0 0 0 0 0 0 0 0 0 0 0 0 0 0 0 0 0 0 0.85 0.41609 0 0 0 0 0 0 0 0 0 0 0 0 0 0 0 0 0 0 0 0 0 0 0 0 0 0 0 0 0 0 0 0 0 0 0 0 0 0 0 0 0 0 0 0 0 0 0 0 0 0 0 0 0 0 0 0 0 0 0 0 0 0 0 0 0 0 0 0 0 0 0 0 0 0 0 0 0 0 0 0 0 0 0 0 0 0 0 0 0 0 0 0 0 0 0 0 0 0 0 0 0 0 0 0 0 0 0 0 0 0 0 0 0 0 0 0 0.8 0.5 0 0 0 0 0 0 0.8 0.5 0 0 0.75 0.5 0.8 0.5 0 0 0 0 0 0 0 0 0 0 0 0 0 0 0 0 0 0 0.75 0.41609 0 0 0.75 0.41609 0.75 0.41609 0.7 0.41609 0 0 0.7 0.41609 0.65 0.41609 0 0 0.65 0.41609 0 0 0 0 0.65 0.41609 0 0 0 0 0 0 0 0 0 0 0 0 0 0 0 0 0.7 0.41609 0.65 0.5 0.65 0.41609 0 0 0 0 0 0 0 0 0 0 0 0 0 0 0 0 0 0 0 0 0 0 0 0 0 0 0 0 0 0 0 0 0 0 0 0 0 0 0 0 0 0 0 0 0 0 0 0 0.65 0.41609 0.6 0.41609 0 0 0.6 0.41609 0 0 0 0 0 0 0 0 0 0 0 0 0 0 0 0 0 0 0 0 0 0 0 0 0 0 0 0 0 0 0 0 0 0 0 0 0 0 0 0 0.6 0.41609 0 0 0 0 0 0 0 0 0 0 0 0 0 0 0 0 0 0 0 0 0 0 0 0 0 0 0 0 0 0 0 0 0 0 0 0 0 0 0 0 0 0 0 0 0 0 0 0 0 0 0 0 0 0 0 0 0 0 0 0 0 0 0 0 0 0 0 0 0 0 0 0 0 0 0 0 0 0 0 0 0 0 0 0 0 0 0 0 0 0 0 0 0 0 0 0 0 0 0 0 0 0 0 0 0 0 0 0 0 0 0 0 0 0 0 0 0 0 0 0 0 0 0 0 0 0 0 0 0 0 0 0 0 0 0 0 0 0 0 0 0 0 0 0 0 0 0 0 0 0 0 0 0 0 0 0 0 0 0 0 0 0 0 0 0 0 0 0 0 0 0 0 0 0 0 0 0 0 0 0 0 0 0 0 0 0 0 0 0 0 0 0 0 0 0 0 0 0 0 0 0 0 0 0 0 0 0 0 0 0 0 0 0 0 0 0 0 0 0 0 0 0 0.75 0.5 0 0 0 0 0 0 0 0 0 0 0 0 0 0 0 0 0 0 0.75 0.5 0 0 0.75 0.5 0 0 0 0 0 0 0 0 0 0 0 0 0 0 0 0 0 0 0 0 0 0 0 0 0 0 0 0 0 0 0 0 0 0 0 0 0 0 0 0 0 0 0 0 0 0 0 0 0 0 0 0 0 0 0 0 0 0 0 0 0 0 0 0 0 0 0 0 0 0 0 0 0 0 0.75 0.41609 0.7 0.5 0.7 0.41609 0.95 0.5 0.9 0.41609 0.95 0.41609 0 0 0 0 0 0 0 0 0 0 0 0 0.55 0.41609 0 0 0.6 0.41609 0 0 0 0 0 0 0 0 0 0 0 0 0 0 0 0 0 0 0 0 0 0 0 0 0 0 0 0 0 0 0 0 0 0 0 0 0 0 0 0 0 0 0.55 0.41609 0 0 0 0 0 0 0 0 0 0 0 0 0 0 0 0 0 0 0 0 0 0 0 0 0 0 0 0 0 0 0 0 0 0 0 0 0 0 0 0 0 0 0 0 0 0 0 0 0 0 0 0 0 0 0 0 0 0 0 0 0 0 0 0 0 0 0 0 0 0 0 0 0 0 0 0 0 0 0 0 0 0 0 0 0 0 0 0 0 0 0 0 0 0 0 0 0 0 0 0 0 0 0 0 0 0 0 0 0 0 0 0 0 0 0 0 0 0 0 0 0 0 0 0 0 0 0 0 0 0 0 0 0 0 0 0 0.65 0.5 0.7 0.5 0 0 0.7 0.5 0 0 0 0 0 0 0 0 0 0 0 0 0 0 0 0 0 0 0 0 0 0 0 0 0.75 0.5 0 0 0 0 0 0 0 0 0.75 0.5 0 0 0 0 0 0 0.7 0.5 0.75 0.5 0 0 0 0 0 0 0 0 0 0 0 0 0 0 0 0 0 0 0 0 0 0 0 0 0 0 0 0 0 0 0 0 0.6 0.5 0.65 0.5 0 0 0 0 0 0 0 0 0 0 0 0 0 0 0 0 0 0 0 0 0 0 0 0 0 0 0 0 0 0 0 0 0 0 0 0 0 0 0 0 0 0 0 0 0 0 0 0 0 0 0 0 0 0 0 0 0 0 0 0 0 0 0 0 0 0 0 0 0 0 0 0 0 0 0 0 0 0 0 0 0 0 0 0 0 0 0 0 0.6 0.5 0 0 0 0 0.6 0.5 0 0 0 0 0.6 0.5 0 0 0.55 0.5 0.6 0.5 0.95 0.41609 0 0 0.95 0.5 0 0 0 0 0 0 0 0 0 0 0 0 0 0 0 0 0 0 0 0 0 0 0 0 0 0 0 0 0 0 0 0 0 0 0 0 0 0 0 0 0 0 0 0 0 0 0 0 0 0 0 0 0 0 0 0 0 0 0 0 0 0 0 0 0 0 0 0 0 0 0 0 0 0 0 0 0 0 0 0 0 0 0 0 0 0 0 0 0 0 0 0 0 0 0 0 0 0 0 0 0 0 0 0 0 0 0 0 0 0 0 0 0 0 0 0 0 0 0 0 0 0 0 0 0 0 0 0 0 0 0 0 0 0 0 0 0 0 0 0 0 0 0 0 0 0 0 0 0 0 0 0 0 0 0 0 0 0 0 0 0 0 0 0 0 0 0 0 0 0 0 0 0 0 0 0 0 0 0 0 0 0 0 0 0 0 0 0 0 0 0 0 0 0 0 0 0 0 0 0 0 0 0 0 0 0 0 0 0.55 0.5 0 0 0 0 0.55 0.5 0 0 0 0 0.55 0.5 0 0 0 0 0.55 0.5 0 0 0 0 0.55 0.5 0 0 0 0 0.55 0.5 0 0 0 0 0 0 0 0 0 0 0 0 0 0 0 0 0 0 0 0 0 0 0 0 0 0 0 0 0 0 0 0 0 0 0 0 0 0 0 0 0 0 0 0 0 0 0 0 0 0 0 0 0 0 0 0 0 0 0 0 0 0 0 0 0 0 0 0 0 0 0 0 0 0 0 0 0 0 0 0 0 0 0 0 0 0 0 0 0 0 0 0 0 0 0 0 0 0 0 0 0 0 0 0 0 0 0 0 0 0 0 0 0 0 0 0 0 0 0 0 0 0 0 0 0 0 0 0 0 0 0 0 0 0 0 0 0 0 0 0 0 0 0 0 0 0 0 0 0 0 0 0 0 0 0 0 0 0 0 0 0 0 0 0 0 0 0 0 0 0 0 0 0 0 0 0 0 0 0 0 0 0 0 0 0 0 0 0 0 0 0 0 0 0 0 0 0 0 0 0 0 0 0 0 0 0 0 0 0 0 0 0 0 0 0 0 0 0 0 0 0 0 0 0 0 0 0 0 0 0 0 0 0 0 0 0 0 0 0 0 0 0 0 0 0 0 0 0 0 0 0 0 0 0 0 0 0 0 0 0 0 0 0 0 0 0 0 0 0 0 0 0 0 0 0 0 0 0 0 0 0 0 0 0 0 0 0 0 0 0 0 0 0 0 0 0 0 0 0 0 0 0 0 0 0 0 0 0 0 0 0 0 0 0 0 0 0 0 0 0 0 0 0 0 0 0 0 0 0 0 0 0 0 0 0 0 0 0 0 0 0 0 0 0 0 0 0 0 0 0 0 0 0 0 0 0 0 0 0 0 0 0 0 0 0 0 0 0 0 0 0 0 0 0 0 0 0 0 0 0 0 0 0 0 0 0 0 0 0 0 0 0 0 0 0 0 0 0 0 0 0 0 0 0 0 0 0 0 0 0 0 0 0 0 0 0 0 0 0 0 0 0 0 0 0 0 0 0 0 0 0 0 0 0 0 0 0 0 0 0 0 0 0 0 0 0 0 0 0 0 0 0 0 0 0.55 0.41609 0 0 0 0 0 0 0 0 0 0 0 0 0 0 0 0 0 0 0 0 0 0 0 0 0 0 0 0 0 0 0 0 0 0 0 0 0 0 0 0 0 0 0 0 0 0 0 0 0 0 0 0 0 0 0 0 0 0 0 0 0 0 0 0 0 0 0 0 0 0 0 0 0 0 0 0 0 0 0 0 0 0 0 0 0 0 0 0 0 0 0 0 0 0 0 0 0 0 0 0 0 0 0 0 0 0 0 0 0.75 0.41609 0 0 0.75 0.5 0 0 0 0 0 0 0 0 0 0 0 0 0 0 0 0 0 0 0 0 0 0 0 0 0 0 0 0 0 0 0 0 0 0 0 0 0 0 0 0 0 0 0 0 0 0 0 0 0 0 0 0 0 0 0 0 0 0 0 0 0 0 0 0 0 0 0 0 0 0 0 0 0 0 0 0 0 0 0 0 0 0 0 0 0 0 0 0 0 0 0 0 0 0 0 0 0 0 0 0 0 0 0 0 0 0 0 0 0 0 0 0 0 0 0 0 0 0 0 0 0 0 0 0 0 0 0 0 0 0 0 0 0.7 0.41609 0.7 0.5 0.65 0.5 0 0 0 0 0 0 0 0 0 0 0 0 0 0 0 0 0 0 0 0 0 0 0 0 0 0 0 0 0 0 0 0 0 0 0 0 0 0 0 0 0 0 0 0 0 0 0 0 0 0 0 0 0 0 0 0 0 0 0 0 0 0 0.85 0.5 0 0 0 0 0 0 0 0 0 0 0 0 0 0 0 0 0 0 0 0 0 0 0 0 0 0 0 0 0 0 0 0 0 0 0 0 0 0 0 0 0 0 0 0 0 0 0 0 0 0 0 0 0 0 0 0 0 0 0 0 0 0 0 0 0 0 0 0 0 0 0 0 0 0 0 0 0 0 0 0 0 0 0 0 0 0 0 0 0 0 0 0 0 0 0 0 0 0 0 0 0 0 0 0 0 0 0 0 0 0 0.75 0.41609 0.75 0.5 0.7 0.5 0.95 0.5 0.9 0.5 0.9 0.41609 0 0 0 0 0 0 0 0 0 0 0 0 0 0 0 0 0 0 0 0 0 0 0 0 0 0 0 0 0 0 0 0 0 0 0 0 0 0 0 0 0 0 0 0 0 0 0 0 0 0 0 0 0 0 0 0 0 0 0 0 0 0 0 0 0 0 0 0 0 0 0 0 0 0 0 0 0 0 0 0 0 0 0 0 0 0 0 0 0 0 0 0 0 0 0 0 0 0 0 0 0 0 0 0 0 0 0 0 0 0 0 0 0 0 0 0 0 0 0 0 0 0 0 0 0 0 0 0 0 0 0 0 0 0 0 0 0 0 0 0 0 0 0 0 0.95 0.41609 0 0 0 0 0 0 0 0 0 0 0 0 0.75 0.41609 0 0 0 0 0 0 0 0 0 0 0 0 0 0 0 0 0 0 0 0 0 0 0 0 0 0 0 0 0 0 0 0 0 0 0 0 0 0 0 0 0 0 0 0 0 0 0 0 0 0 0 0 0 0 0 0 0 0 0 0 0 0 0 0 0 0 0 0 0 0 0 0 0 0 0 0 0 0 0 0 0 0 0 0 0 0 0 0 0 0 0 0 0 0 0 0 0 0 0 0 0 0 0 0 0 0 0 0 0 0 0 0 0 0 0 0 0 0 0 0 0 0 0 0 0 0 0 0 0 0 0 0 0 0 0 0 0 0 0 0 0 0 0 0 0 0 0 0 0 0 0 0 0 0 0 0 0 0 0 0 0 0 0 0 0 0 0 0 0 0 0 0 0 0 0 0 0 0 0 0 0 0 0 0 0 0 0 0 0 0 0 0 0 0 0 0 0 0 0 0 0 0 0 0 0 0 0 0 0 0 0 0 0 0 0 0 0 0 0 0 0 0 0 0 0 0 0 0 0 0 0 0 0 0 0 0 0 0 0 0 0 0 0 0 0 0 0 0 0 0 0 0 0 0 0 0 0 0 0 0 0 0 0 0 0 0 0 0 0 0 0 0 0 0 0 0 0 0 0 0 0 0 0 0 0 0 0 0 0 0</float_array>
          <technique_common>
            <accessor source="#pSphere1Mesh-mesh-map-6-array" count="2424" stride="2">
              <param name="S" type="float"/>
              <param name="T" type="float"/>
            </accessor>
          </technique_common>
        </source>
        <vertices id="pSphere1Mesh-mesh-vertices">
          <input semantic="POSITION" source="#pSphere1Mesh-mesh-positions"/>
        </vertices>
        <triangles material="lambert2-material" count="635">
          <input semantic="VERTEX" source="#pSphere1Mesh-mesh-vertices" offset="0"/>
          <input semantic="NORMAL" source="#pSphere1Mesh-mesh-normals" offset="1"/>
          <input semantic="TEXCOORD" source="#pSphere1Mesh-mesh-map-0" offset="2" set="0"/>
          <input semantic="TEXCOORD" source="#pSphere1Mesh-mesh-map-1" offset="2" set="1"/>
          <input semantic="TEXCOORD" source="#pSphere1Mesh-mesh-map-2" offset="2" set="2"/>
          <input semantic="TEXCOORD" source="#pSphere1Mesh-mesh-map-3" offset="2" set="3"/>
          <input semantic="TEXCOORD" source="#pSphere1Mesh-mesh-map-4" offset="2" set="4"/>
          <input semantic="TEXCOORD" source="#pSphere1Mesh-mesh-map-5" offset="2" set="5"/>
          <input semantic="TEXCOORD" source="#pSphere1Mesh-mesh-map-6" offset="2" set="6"/>
          <p>8 0 0 22 1 1 7 2 2 22 1 3 8 0 4 23 3 5 9 4 6 28 5 7 27 6 8 13 7 9 30 8 10 12 9 11 30 8 12 13 7 13 31 10 14 32 11 15 13 7 16 14 12 17 13 7 18 32 11 19 31 10 20 15 13 21 32 11 22 14 12 23 32 11 24 15 13 25 33 14 26 34 15 27 15 13 28 16 16 29 15 13 30 34 15 31 33 14 32 36 17 33 19 18 34 37 19 35 42 20 36 41 21 37 20 22 38 42 20 39 20 22 40 21 23 41 23 3 42 44 24 43 22 1 44 44 24 45 23 3 46 45 25 47 24 26 48 45 25 49 23 3 50 45 25 51 24 26 52 46 27 53 25 28 54 46 27 55 24 26 56 46 27 57 25 28 58 47 29 59 26 30 60 47 29 61 25 28 62 47 29 63 26 30 64 48 31 65 30 8 66 51 32 67 29 33 68 51 32 69 30 8 70 52 34 71 31 10 72 52 34 73 30 8 74 52 34 75 31 10 76 53 35 77 56 36 78 33 14 79 34 15 80 33 14 81 56 36 82 55 37 83 57 38 84 34 15 85 35 39 86 34 15 87 57 38 88 56 36 89 61 40 90 60 41 91 38 42 92 61 40 93 38 42 94 39 43 95 62 44 96 61 40 97 39 43 98 62 44 99 39 43 100 40 45 101 63 46 102 62 44 103 40 45 104 63 46 105 40 45 106 41 21 107 64 47 108 63 46 109 41 21 110 64 47 111 41 21 112 42 20 113 47 29 114 69 48 115 46 27 116 69 48 117 47 29 118 70 49 119 48 31 120 70 49 121 47 29 122 70 49 123 48 31 124 71 50 125 73 51 126 49 52 127 50 53 128 49 52 129 73 51 130 72 54 131 54 55 132 76 56 133 53 35 134 76 56 135 54 55 136 77 57 137 78 58 138 54 55 139 55 37 140 54 55 141 78 58 142 77 57 143 59 59 144 81 60 145 58 61 146 81 60 147 59 59 148 82 62 149 84 63 150 83 64 151 60 41 152 84 63 153 60 41 154 61 40 155 85 65 156 84 63 157 61 40 158 85 65 159 61 40 160 62 44 161 88 66 162 66 67 163 67 68 164 66 67 165 43 69 166 67 68 167 69 48 168 91 70 169 68 71 170 68 71 171 91 70 172 90 72 173 70 49 174 92 73 175 69 48 176 69 48 177 92 73 178 91 70 179 71 50 180 93 74 181 70 49 182 70 49 183 93 74 184 92 73 185 72 54 186 94 75 187 71 50 188 71 50 189 94 75 190 93 74 191 95 76 192 72 54 193 73 51 194 72 54 195 95 76 196 94 75 197 97 77 198 74 78 199 75 79 200 74 78 201 97 77 202 96 80 203 99 81 204 76 56 205 77 57 206 76 56 207 99 81 208 98 82 209 101 83 210 78 58 211 79 84 212 78 58 213 101 83 214 100 85 215 102 86 216 79 84 217 80 87 218 79 84 219 102 86 220 101 83 221 103 88 222 80 87 223 81 60 224 80 87 225 103 88 226 102 86 227 104 89 228 81 60 229 82 62 230 81 60 231 104 89 232 103 88 233 110 90 234 88 66 235 89 91 236 88 66 237 67 68 238 89 91 239 115 92 240 91 70 241 92 73 242 91 70 243 115 92 244 114 93 245 93 74 246 116 94 247 92 73 248 92 73 249 116 94 250 115 92 251 95 76 252 117 95 253 94 75 254 117 95 255 95 76 256 118 96 257 98 82 258 120 97 259 97 77 260 120 97 261 98 82 262 121 98 263 122 99 264 98 82 265 99 81 266 98 82 267 122 99 268 121 98 269 100 85 270 122 99 271 99 81 272 122 99 273 100 85 274 123 100 275 124 101 276 100 85 277 101 83 278 100 85 279 124 101 280 123 100 281 127 102 282 103 88 283 104 89 284 103 88 285 127 102 286 126 103 287 128 104 288 106 105 289 129 106 290 106 105 291 128 104 292 105 107 293 129 106 294 107 108 295 130 109 296 107 108 297 129 106 298 106 105 299 134 110 300 89 91 301 111 111 302 89 91 303 134 110 304 110 90 305 136 112 306 112 113 307 113 114 308 112 113 309 136 112 310 135 115 311 137 116 312 113 114 313 114 93 314 113 114 315 137 116 316 136 112 317 138 117 318 114 93 319 115 92 320 114 93 321 138 117 322 137 116 323 139 118 324 115 92 325 116 94 326 115 92 327 139 118 328 138 117 329 143 119 330 119 120 331 120 97 332 119 120 333 143 119 334 142 121 335 144 122 336 120 97 337 121 98 338 120 97 339 144 122 340 143 119 341 124 101 342 146 123 343 123 100 344 146 123 345 124 101 346 147 124 347 125 125 348 147 124 349 124 101 350 147 124 351 125 125 352 148 126 353 151 127 354 129 106 355 152 128 356 129 106 357 151 127 358 128 104 359 152 128 360 130 109 361 153 129 362 130 109 363 152 128 364 129 106 365 153 129 366 131 130 367 154 131 368 131 130 369 153 129 370 130 109 371 154 131 372 132 132 373 155 133 374 132 132 375 154 131 376 131 130 377 157 134 378 135 115 379 136 112 380 135 115 381 157 134 382 156 135 383 158 136 384 136 112 385 137 116 386 136 112 387 158 136 388 157 134 389 159 137 390 137 116 391 138 117 392 137 116 393 159 137 394 158 136 395 160 138 396 138 117 397 139 118 398 138 117 399 160 138 400 159 137 401 161 139 402 139 118 403 140 140 404 139 118 405 161 139 406 160 138 407 141 141 408 161 139 409 140 140 410 161 139 411 141 141 412 162 142 413 165 143 414 143 119 415 144 122 416 143 119 417 165 143 418 164 144 419 147 124 420 167 145 421 146 123 422 167 145 423 147 124 424 168 146 425 171 147 426 149 148 427 150 149 428 149 148 429 171 147 430 170 150 431 171 147 432 151 127 433 172 151 434 151 127 435 171 147 436 150 149 437 172 151 438 152 128 439 173 152 440 152 128 441 172 151 442 151 127 443 173 152 444 153 129 445 174 153 446 153 129 447 173 152 448 152 128 449 174 153 450 154 131 451 175 154 452 154 131 453 174 153 454 153 129 455 175 154 456 155 133 457 176 155 458 155 133 459 175 154 460 154 131 461 179 156 462 157 134 463 158 136 464 157 134 465 179 156 466 178 157 467 193 158 468 175 154 469 194 159 470 175 154 471 193 158 472 174 153 473 199 160 474 178 157 475 179 156 476 178 157 477 199 160 478 198 161 479 200 162 480 180 163 481 181 164 482 181 164 483 201 165 484 200 162 485 186 166 486 204 167 487 185 168 488 204 167 489 186 166 490 205 169 491 206 170 492 186 166 493 187 171 494 186 166 495 206 170 496 205 169 497 209 172 498 191 173 499 210 174 500 192 175 501 210 174 502 191 173 503 211 176 504 194 159 505 212 177 506 194 159 507 211 176 508 193 158 509 218 178 510 198 161 511 199 160 512 198 161 513 218 178 514 217 179 515 204 167 516 222 180 517 203 181 518 222 180 519 204 167 520 223 182 521 226 183 522 206 170 523 207 184 524 206 170 525 226 183 526 225 185 527 230 186 528 212 177 529 231 187 530 212 177 531 230 186 532 211 176 533 239 188 534 222 180 535 240 189 536 223 182 537 240 189 538 222 180 539 240 189 540 223 182 541 241 190 542 224 191 543 241 190 544 223 182 545 241 190 546 224 191 547 242 192 548 243 193 549 224 191 550 225 185 551 224 191 552 243 193 553 242 192 554 225 185 555 244 194 556 243 193 557 244 194 558 225 185 559 226 183 560 245 195 561 244 194 562 226 183 563 231 187 564 248 196 565 230 186 566 248 196 567 231 187 568 249 197 569 232 198 570 249 197 571 231 187 572 249 197 573 232 198 574 250 199 575 251 200 576 235 201 577 252 202 578 235 201 579 251 200 580 234 203 581 252 202 582 235 201 583 253 204 584 235 201 585 236 205 586 253 204 587 249 197 588 263 206 589 248 196 590 263 206 591 249 197 592 264 207 593 264 207 594 274 208 595 263 206 596 274 208 597 264 207 598 275 209 599 276 210 600 268 211 601 277 212 602 106 105 684 83 64 685 84 63 686 330 262 687 176 263 688 297 263 689 176 264 690 296 264 691 297 264 692 176 155 693 155 133 694 296 265 695 155 266 696 295 267 697 296 267 698 234 203 699 217 179 700 235 201 701 293 268 702 21 268 703 294 268 704 21 269 705 323 270 706 294 269 707 214 272 711 213 274 712 330 273 713 213 274 714 195 275 715 330 273 716 195 275 717 176 155 718 330 273 719 177 278 723 157 134 724 178 157 725 132 132 726 295 279 727 155 133 728 132 132 729 131 130 730 295 279 731 131 130 732 108 280 733 295 279 734 224 191 735 206 170 736 225 185 737 292 281 738 42 281 739 293 281 740 42 20 741 21 23 742 293 282 743 279 283 744 255 284 745 256 285 746 395 286 747 323 287 748 21 288 749 247 293 756 248 196 757 263 206 758 358 294 759 357 294 760 331 294 761 357 295 762 233 295 763 331 295 764 233 296 765 214 272 766 331 271 767 197 298 771 215 299 772 196 300 773 198 161 774 216 301 775 197 298 776 213 274 777 233 296 778 232 198 779 63 46 780 85 65 781 62 44 782 73 51 783 96 80 784 95 76 785 86 302 786 63 46 787 292 303 788 63 46 789 64 47 790 292 303 791 64 47 792 42 20 793 292 303 794 41 21 795 390 304 796 20 22 797 41 21 801 40 45 802 390 304 803 40 45 804 39 43 805 390 304 806 39 43 807 38 42 808 390 304 809 38 42 810 37 19 811 390 304 812 37 19 813 19 18 814 390 304 815 326 308 822 322 309 823 394 310 824 341 311 825 364 312 826 338 311 827 330 319 834 294 320 835 323 321 836 300 322 837 274 322 838 357 323 839 274 208 840 275 209 841 357 324 842 275 209 843 264 207 844 357 324 845 264 207 846 265 325 847 357 324 848 265 325 849 250 199 850 357 324 851 250 199 852 232 198 853 357 324 854 232 198 855 233 296 856 357 324 857 159 137 858 179 156 859 158 136 860 211 176 861 192 175 862 193 158 863 200 162 864 218 178 865 199 160 866 210 174 867 192 175 868 211 176 869 49 52 870 28 5 871 50 53 872 19 18 876 36 17 877 389 250 878 36 17 879 18 329 880 389 250 881 18 329 882 17 330 883 389 250 884 127 102 888 151 127 889 150 149 890 149 148 891 127 102 892 150 149 893 315 333 900 316 333 901 393 334 902 339 340 912 365 341 913 366 340 914 215 299 915 216 301 916 365 342 917 216 301 918 234 203 919 365 342 920 234 203 921 251 200 922 365 342 923 251 200 924 252 202 925 365 342 926 252 202 927 266 343 928 365 342 929 266 343 930 267 344 931 365 342 932 267 345 933 301 346 934 365 346 935 339 347 936 215 348 937 365 347 938 169 349 939 190 350 940 189 351 941 290 352 942 291 353 943 300 354 944 291 355 945 283 356 946 300 356 947 283 357 948 284 358 949 300 359 950 284 358 951 285 360 952 300 359 953 285 361 954 274 362 955 300 362 956 8 0 957 401 252 958 396 255 959 254 363 960 267 344 961 253 204 962 124 101 963 102 86 964 125 125 965 248 196 966 229 364 967 230 186 968 228 365 969 229 364 970 248 196 971 237 366 972 236 205 973 220 367 974 160 138 975 180 163 976 159 137 977 219 368 978 201 165 979 220 367 980 108 280 981 85 65 982 86 302 983 17 330 990 6 370 991 388 248 992 210 174 993 230 186 994 229 364 995 50 53 996 29 33 997 51 32 998 207 184 999 187 171 1000 188 371 1001 142 121 1002 164 144 1003 163 372 1004 188 371 1005 169 349 1006 189 351 1007 122 99 1008 146 123 1009 145 373 1010 391 376 1017 372 377 1018 314 377 1019 359 385 1032 329 385 1033 356 385 1034 196 300 1053 215 299 1054 339 396 1055 168 146 1065 148 126 1066 169 349 1067 3 401 1068 385 402 1069 377 240 1070 268 211 1071 276 210 1072 267 344 1073 276 403 1074 301 404 1075 267 405 1076 119 120 1077 95 76 1078 96 80 1079 286 406 1080 287 407 1081 301 408 1082 276 210 1083 277 212 1084 301 409 1085 277 212 1086 278 410 1087 301 409 1088 278 411 1089 286 412 1090 301 413 1091 287 407 1092 288 414 1093 289 415 1094 287 407 1095 289 415 1096 290 352 1097 289 415 1098 271 416 1099 290 352 1100 271 416 1101 291 353 1102 290 352 1103 271 416 1104 281 417 1105 291 353 1106 281 417 1107 282 418 1108 291 353 1109 282 418 1110 283 357 1111 291 353 1112 261 421 1116 284 358 1117 283 357 1118 261 422 1119 273 423 1120 284 424 1121 255 425 1122 254 426 1123 238 425 1124 262 427 1125 247 293 1126 263 206 1127 227 428 1128 209 172 1129 228 365 1130 221 429 1131 237 366 1132 220 367 1133 262 427 1134 246 430 1135 247 293 1136 171 147 1137 172 151 1138 191 173 1139 182 431 1140 181 164 1141 161 139 1142 190 350 1143 191 173 1144 209 172 1145 148 126 1146 126 103 1147 149 148 1148 82 62 1149 60 41 1150 83 64 1151 72 54 1152 48 31 1153 49 52 1154 5 433 1161 4 434 1162 377 240 1163 4 434 1164 3 401 1165 377 240 1166 164 144 1167 185 168 1168 184 435 1169 209 172 1170 229 364 1171 228 365 1172 168 146 1182 187 171 1183 167 145 1184 125 125 1185 103 88 1186 126 103 1187 405 440 1191 372 441 1192 391 442 1193 403 447 1203 309 448 1204 305 449 1205 334 454 1221 354 454 1222 328 454 1223 304 458 1233 351 459 1234 347 460 1235 402 462 1242 349 463 1243 350 463 1244 336 464 1245 298 464 1246 340 464 1247 298 465 1248 156 465 1249 340 465 1250 156 135 1251 177 278 1252 340 395 1253 177 278 1254 197 298 1255 340 395 1256 197 298 1257 196 300 1258 340 395 1259 75 79 1260 53 35 1261 76 56 1262 194 159 1266 213 274 1267 212 177 1268 178 157 1269 197 298 1270 177 278 1271 285 360 1272 273 468 1273 274 208 1274 237 366 1275 254 363 1276 253 204 1277 255 284 1278 277 212 1279 268 211 1280 278 410 1284 279 283 1285 286 406 1286 279 283 1287 280 470 1288 286 406 1289 280 470 1290 270 471 1291 286 406 1292 270 471 1293 287 407 1294 286 406 1295 270 471 1296 288 414 1297 287 407 1298 255 284 1299 278 410 1300 277 212 1301 261 421 1302 282 418 1303 260 472 1304 172 151 1305 192 175 1306 191 173 1307 377 473 1308 6 474 1309 5 475 1310 173 152 1311 193 158 1312 192 175 1313 272 476 1314 282 418 1315 271 416 1316 282 418 1317 281 417 1318 271 416 1319 272 476 1320 260 472 1321 282 418 1322 241 190 1323 256 285 1324 240 189 1325 240 189 1326 255 284 1327 239 188 1328 245 195 1329 246 430 1330 261 421 1331 245 195 1332 227 428 1333 246 430 1334 222 180 1335 221 429 1336 202 477 1337 190 350 1338 170 150 1339 171 147 1340 163 372 1341 182 431 1342 162 142 1343 208 478 1344 189 351 1345 190 350 1346 105 107 1347 82 62 1348 83 64 1349 2 480 1353 1 481 1354 385 402 1355 382 483 1359 371 484 1360 383 485 1361 227 428 1365 247 293 1366 246 430 1367 175 154 1368 195 275 1369 194 159 1370 165 143 1371 186 166 1372 185 168 1373 243 193 1380 260 472 1381 259 488 1382 373 489 1386 400 490 1387 386 490 1388 96 80 1389 120 97 1390 119 120 1391 249 197 1392 265 325 1393 264 207 1394 321 493 1401 317 494 1402 313 495 1403 311 499 1413 325 500 1414 320 499 1415 361 502 1419 354 502 1420 334 502 1421 107 108 1440 84 63 1441 85 65 1442 90 72 1443 113 114 1444 298 508 1445 113 114 1446 112 113 1447 298 508 1448 112 113 1449 135 115 1450 298 508 1451 135 115 1452 156 135 1453 298 508 1454 110 90 1458 87 509 1459 88 66 1460 401 510 1461 7 511 1462 348 511 1463 7 512 1464 345 512 1465 348 512 1466 261 421 1467 244 194 1468 245 195 1469 219 368 1470 236 205 1471 218 178 1472 219 368 1473 220 367 1474 236 205 1475 238 513 1476 254 363 1477 237 366 1478 343 514 1479 366 514 1480 367 514 1481 238 513 1482 239 188 1483 255 284 1484 0 515 1485 382 482 1486 1 481 1487 221 429 1488 239 188 1489 238 513 1490 256 285 1491 269 516 1492 279 283 1493 269 516 1494 270 471 1495 279 283 1496 270 471 1497 280 470 1498 279 283 1499 272 476 1500 259 488 1501 260 472 1502 202 477 1503 201 165 1504 182 431 1505 257 517 1506 258 518 1507 259 488 1508 258 518 1509 243 193 1510 259 488 1511 207 184 1512 208 478 1513 226 183 1514 235 201 1515 218 178 1516 236 205 1517 18 329 1518 35 39 1519 17 330 1520 35 39 1521 58 61 1522 57 38 1523 49 52 1524 26 30 1525 27 6 1526 88 66 1527 65 519 1528 66 67 1529 4 434 1539 16 16 1540 15 13 1541 163 372 1542 184 435 1543 183 523 1544 380 524 1545 400 525 1546 373 526 1547 184 435 1560 202 477 1561 183 523 1562 54 55 1563 33 14 1564 55 37 1565 56 36 1566 80 87 1567 79 84 1568 0 515 1569 11 531 1570 398 257 1571 318 537 1587 325 538 1588 311 539 1589 109 542 1593 133 379 1594 335 543 1595 133 544 1596 361 545 1597 335 545 1598 212 177 1599 232 198 1600 231 187 1601 66 67 1602 319 381 1603 310 380 1604 369 546 1605 342 547 1606 362 547 1607 342 548 1608 337 548 1609 362 548 1610 11 531 1617 10 552 1618 397 254 1619 10 552 1620 28 5 1621 397 254 1622 28 5 1623 9 4 1624 397 254 1625 7 2 1632 22 1 1633 345 553 1634 22 554 1635 299 555 1636 345 555 1637 69 48 1638 45 25 1639 46 27 1640 22 1 1641 44 24 1642 299 556 1643 44 24 1644 45 25 1645 299 556 1646 45 25 1647 68 71 1648 299 556 1649 179 156 1650 180 163 1651 199 160 1652 180 163 1653 200 162 1654 199 160 1655 372 557 1656 306 558 1657 314 559 1658 201 165 1659 221 429 1660 220 367 1661 208 478 1665 209 172 1666 227 428 1667 241 190 1668 258 518 1669 257 517 1670 241 560 1671 243 561 1672 258 562 1673 241 190 1674 242 192 1675 243 193 1676 204 167 1677 224 191 1678 223 182 1679 185 168 1680 203 181 1681 184 435 1682 16 16 1683 35 39 1684 34 15 1685 294 261 1686 296 261 1687 293 261 1688 257 517 1689 269 516 1690 256 285 1691 142 121 1692 162 142 1693 141 141 1694 76 56 1695 97 77 1696 75 79 1697 55 37 1698 79 84 1699 78 58 1700 352 563 1701 302 564 1702 346 564 1703 352 565 1704 308 566 1705 302 567 1706 319 572 1713 65 572 1714 327 572 1715 65 519 1716 87 509 1717 327 573 1718 10 552 1722 29 33 1723 28 5 1724 134 110 1725 111 111 1726 369 504 1727 111 574 1728 344 575 1729 369 576 1730 9 4 1734 27 6 1735 396 255 1736 27 6 1737 26 30 1738 396 255 1739 26 30 1740 25 28 1741 396 255 1742 25 28 1743 24 26 1744 396 255 1745 24 26 1746 23 3 1747 396 255 1748 23 3 1749 8 0 1750 396 255 1751 118 96 1752 142 121 1753 141 141 1754 117 95 1755 141 141 1756 140 140 1757 107 108 1758 131 130 1759 130 109 1760 262 427 1761 261 421 1762 246 430 1763 259 488 1764 270 471 1765 257 517 1766 160 138 1767 161 139 1768 181 164 1769 289 578 1770 270 579 1771 271 579 1772 202 477 1773 203 181 1774 222 180 1775 161 139 1776 162 142 1777 182 431 1778 13 7 1779 3 401 1780 14 12 1781 183 523 1782 202 477 1783 182 431 1784 188 371 1785 208 478 1786 207 184 1787 262 427 1788 274 208 1789 273 468 1790 167 145 1791 186 166 1792 166 580 1793 3 401 1794 15 13 1795 14 12 1796 336 581 1800 299 581 1801 298 581 1802 144 122 1803 166 580 1804 165 143 1805 144 122 1806 122 99 1807 145 373 1808 353 583 1812 43 583 1813 308 584 1814 226 183 1818 227 428 1819 245 195 1820 133 379 1821 110 90 1822 134 110 1823 89 91 1824 344 221 1825 111 111 1826 253 204 1827 266 343 1828 252 202 1829 117 95 1830 139 118 1831 116 94 1832 57 38 1833 81 60 1834 80 87 1835 94 75 1836 116 94 1837 93 74 1838 31 10 1839 54 55 1840 53 35 1841 148 126 1842 170 150 1843 169 349 1844 5 433 1845 17 330 1846 16 16 1847 12 9 1848 2 480 1849 13 7 1850 11 531 1851 1 481 1852 12 9 1853 166 580 1854 146 123 1855 167 145 1856 67 68 1857 43 69 1858 353 222 1859 43 69 1860 66 67 1861 310 380 1862 78 58 1863 99 81 1864 77 57 1865 104 89 1866 128 104 1867 127 102 1868 59 59 1869 38 42 1870 60 41 1871 59 59 1872 36 17 1873 37 19 1874 113 114 1875 91 70 1876 114 93 1877 29 33 1878 12 9 1879 30 8 1880 74 78 1881 52 34 1882 75 79 1883 73 51 1884 51 32 1885 74 78 1886 106 105 1893 105 107 1894 83 64 1895 234 203 1896 216 301 1897 217 179 1898 177 278 1902 156 135 1903 157 134 1904 224 191 1905 205 169 1906 206 170 1907 279 283 1908 278 410 1909 255 284 1910 247 293 1911 228 365 1912 248 196 1913 197 298 1917 216 301 1918 215 299 1919 198 161 1920 217 179 1921 216 301 1922 213 274 1923 214 272 1924 233 296 1925 63 46 1926 86 302 1927 85 65 1928 73 51 1929 74 78 1930 96 80 1931 341 587 1935 368 587 1936 364 588 1937 330 591 1944 297 592 1945 294 592 1946 159 137 1947 180 163 1948 179 156 1949 200 162 1950 219 368 1951 218 178 1952 49 52 1953 27 6 1954 28 5 1955 127 102 1959 128 104 1960 151 127 1961 149 148 1962 126 103 1963 127 102 1964 169 349 1974 170 150 1975 190 350 1976 8 0 1977 7 2 1978 401 252 1979 254 363 1980 268 211 1981 267 344 1982 124 101 1983 101 83 1984 102 86 1985 237 366 1986 253 204 1987 236 205 1988 160 138 1989 181 164 1990 180 163 1991 219 368 1992 200 162 1993 201 165 1994 108 280 1995 107 108 1996 85 65 1997 210 174 1998 211 176 1999 230 186 2000 50 53 2001 28 5 2002 29 33 2003 207 184 2004 206 170 2005 187 171 2006 142 121 2007 143 119 2008 164 144 2009 188 371 2010 168 146 2011 169 349 2012 122 99 2013 123 100 2014 146 123 2015 359 595 2028 333 595 2029 329 595 2030 168 146 2052 147 124 2053 148 126 2054 3 401 2055 2 480 2056 385 402 2057 119 120 2058 118 96 2059 95 76 2060 255 602 2064 268 603 2065 254 604 2066 221 429 2067 238 513 2068 237 366 2069 182 431 2070 201 165 2071 181 164 2072 190 350 2073 171 147 2074 191 173 2075 148 126 2076 125 125 2077 126 103 2078 82 62 2079 59 59 2080 60 41 2081 72 54 2082 71 50 2083 48 31 2084 164 144 2085 165 143 2086 185 168 2087 209 172 2088 210 174 2089 229 364 2090 168 146 2091 188 371 2092 187 171 2093 125 125 2094 102 86 2095 103 88 2096 304 606 2109 307 607 2110 351 607 2111 75 79 2115 52 34 2116 53 35 2117 194 159 2118 195 275 2119 213 274 2120 178 157 2121 198 161 2122 197 298 2123 285 360 2124 284 358 2125 273 468 2126 261 421 2130 283 357 2131 282 418 2132 172 151 2133 173 152 2134 192 175 2135 377 608 2136 388 609 2137 6 610 2138 173 152 2139 174 153 2140 193 158 2141 241 190 2142 257 517 2143 256 285 2144 240 189 2145 256 285 2146 255 284 2147 222 180 2148 239 188 2149 221 429 2150 163 372 2151 183 523 2152 182 431 2153 105 107 2154 104 89 2155 82 62 2156 227 428 2157 228 365 2158 247 293 2159 175 154 2160 176 155 2161 195 275 2162 165 143 2163 166 580 2164 186 166 2165 243 193 2166 244 194 2167 260 472 2168 96 80 2169 97 77 2170 120 97 2171 249 197 2172 250 199 2173 265 325 2174 321 612 2181 324 613 2182 317 613 2183 107 108 2199 106 105 2200 84 63 2201 110 90 2205 109 542 2206 87 509 2207 261 421 2208 260 472 2209 244 194 2210 343 615 2211 339 615 2212 366 615 2213 0 515 2214 398 257 2215 382 482 2216 272 476 2217 271 416 2218 259 488 2219 202 477 2220 221 429 2221 201 165 2222 235 201 2223 217 179 2224 218 178 2225 18 329 2226 36 17 2227 35 39 2228 35 39 2229 36 17 2230 58 61 2231 49 52 2232 48 31 2233 26 30 2234 88 66 2235 87 509 2236 65 519 2237 4 434 2241 5 433 2242 16 16 2243 163 372 2244 164 144 2245 184 435 2246 184 435 2250 203 181 2251 202 477 2252 54 55 2253 32 11 2254 33 14 2255 56 36 2256 57 38 2257 80 87 2258 212 177 2262 213 274 2263 232 198 2264 66 67 2265 65 519 2266 319 381 2267 69 48 2274 68 71 2275 45 25 2276 372 619 2277 405 620 2278 306 621 2279 208 478 2283 190 350 2284 209 172 2285 204 167 2286 205 169 2287 224 191 2288 185 168 2289 204 167 2290 203 181 2291 16 16 2292 17 330 2293 35 39 2294 294 622 2295 297 622 2296 296 622 2297 257 517 2298 270 471 2299 269 516 2300 142 121 2301 163 372 2302 162 142 2303 76 56 2304 98 82 2305 97 77 2306 55 37 2307 56 36 2308 79 84 2309 10 552 2316 11 531 2317 29 33 2318 118 96 2319 119 120 2320 142 121 2321 117 95 2322 118 96 2323 141 141 2324 107 108 2325 108 280 2326 131 130 2327 262 427 2328 273 468 2329 261 421 2330 259 488 2331 271 416 2332 270 471 2333 289 624 2334 288 625 2335 270 626 2336 13 7 2337 2 480 2338 3 401 2339 188 371 2340 189 351 2341 208 478 2342 262 427 2343 263 206 2344 274 208 2345 167 145 2346 187 171 2347 186 166 2348 3 401 2349 4 434 2350 15 13 2351 336 627 2355 345 627 2356 299 627 2357 144 122 2358 145 373 2359 166 580 2360 144 122 2361 121 98 2362 122 99 2363 226 183 2364 208 478 2365 227 428 2366 133 379 2367 109 542 2368 110 90 2369 253 204 2370 267 344 2371 266 343 2372 117 95 2373 140 140 2374 139 118 2375 57 38 2376 58 61 2377 81 60 2378 94 75 2379 117 95 2380 116 94 2381 31 10 2382 32 11 2383 54 55 2384 148 126 2385 149 148 2386 170 150 2387 5 433 2388 6 370 2389 17 330 2390 12 9 2391 1 481 2392 2 480 2393 11 531 2394 0 515 2395 1 481 2396 166 580 2397 145 373 2398 146 123 2399 78 58 2400 100 85 2401 99 81 2402 104 89 2403 105 107 2404 128 104 2405 59 59 2406 37 19 2407 38 42 2408 59 59 2409 58 61 2410 36 17 2411 113 114 2412 90 72 2413 91 70 2414 29 33 2415 11 531 2416 12 9 2417 74 78 2418 51 32 2419 52 34 2420 73 51 2421 50 53 2422 51 32 2423</p>
        </triangles>
        <triangles material="lambert2_002-material" count="4">
          <input semantic="VERTEX" source="#pSphere1Mesh-mesh-vertices" offset="0"/>
          <input semantic="NORMAL" source="#pSphere1Mesh-mesh-normals" offset="1"/>
          <input semantic="TEXCOORD" source="#pSphere1Mesh-mesh-map-0" offset="2" set="0"/>
          <input semantic="TEXCOORD" source="#pSphere1Mesh-mesh-map-1" offset="2" set="1"/>
          <input semantic="TEXCOORD" source="#pSphere1Mesh-mesh-map-2" offset="2" set="2"/>
          <input semantic="TEXCOORD" source="#pSphere1Mesh-mesh-map-3" offset="2" set="3"/>
          <input semantic="TEXCOORD" source="#pSphere1Mesh-mesh-map-4" offset="2" set="4"/>
          <input semantic="TEXCOORD" source="#pSphere1Mesh-mesh-map-5" offset="2" set="5"/>
          <input semantic="TEXCOORD" source="#pSphere1Mesh-mesh-map-6" offset="2" set="6"/>
          <p>293 261 681 295 261 682 292 261 683 295 279 1455 86 302 1456 292 303 1457 293 586 1890 296 586 1891 295 586 1892 295 279 2202 108 280 2203 86 302 2204</p>
        </triangles>
        <triangles material="lambert2_003-material" count="2">
          <input semantic="VERTEX" source="#pSphere1Mesh-mesh-vertices" offset="0"/>
          <input semantic="NORMAL" source="#pSphere1Mesh-mesh-normals" offset="1"/>
          <input semantic="TEXCOORD" source="#pSphere1Mesh-mesh-map-0" offset="2" set="0"/>
          <input semantic="TEXCOORD" source="#pSphere1Mesh-mesh-map-1" offset="2" set="1"/>
          <input semantic="TEXCOORD" source="#pSphere1Mesh-mesh-map-2" offset="2" set="2"/>
          <input semantic="TEXCOORD" source="#pSphere1Mesh-mesh-map-3" offset="2" set="3"/>
          <input semantic="TEXCOORD" source="#pSphere1Mesh-mesh-map-4" offset="2" set="4"/>
          <input semantic="TEXCOORD" source="#pSphere1Mesh-mesh-map-5" offset="2" set="5"/>
          <input semantic="TEXCOORD" source="#pSphere1Mesh-mesh-map-6" offset="2" set="6"/>
          <p>298 398 1059 68 399 1060 90 400 1061 298 599 2046 299 599 2047 68 600 2048</p>
        </triangles>
        <triangles material="lambert2_004-material" count="2">
          <input semantic="VERTEX" source="#pSphere1Mesh-mesh-vertices" offset="0"/>
          <input semantic="NORMAL" source="#pSphere1Mesh-mesh-normals" offset="1"/>
          <input semantic="TEXCOORD" source="#pSphere1Mesh-mesh-map-0" offset="2" set="0"/>
          <input semantic="TEXCOORD" source="#pSphere1Mesh-mesh-map-1" offset="2" set="1"/>
          <input semantic="TEXCOORD" source="#pSphere1Mesh-mesh-map-2" offset="2" set="2"/>
          <input semantic="TEXCOORD" source="#pSphere1Mesh-mesh-map-3" offset="2" set="3"/>
          <input semantic="TEXCOORD" source="#pSphere1Mesh-mesh-map-4" offset="2" set="4"/>
          <input semantic="TEXCOORD" source="#pSphere1Mesh-mesh-map-5" offset="2" set="5"/>
          <input semantic="TEXCOORD" source="#pSphere1Mesh-mesh-map-6" offset="2" set="6"/>
          <p>300 530 1557 287 530 1558 290 530 1559 300 616 2247 301 616 2248 287 616 2249</p>
        </triangles>
        <triangles material="lambert2_005-material" count="26">
          <input semantic="VERTEX" source="#pSphere1Mesh-mesh-vertices" offset="0"/>
          <input semantic="NORMAL" source="#pSphere1Mesh-mesh-normals" offset="1"/>
          <input semantic="TEXCOORD" source="#pSphere1Mesh-mesh-map-0" offset="2" set="0"/>
          <input semantic="TEXCOORD" source="#pSphere1Mesh-mesh-map-1" offset="2" set="1"/>
          <input semantic="TEXCOORD" source="#pSphere1Mesh-mesh-map-2" offset="2" set="2"/>
          <input semantic="TEXCOORD" source="#pSphere1Mesh-mesh-map-3" offset="2" set="3"/>
          <input semantic="TEXCOORD" source="#pSphere1Mesh-mesh-map-4" offset="2" set="4"/>
          <input semantic="TEXCOORD" source="#pSphere1Mesh-mesh-map-5" offset="2" set="5"/>
          <input semantic="TEXCOORD" source="#pSphere1Mesh-mesh-map-6" offset="2" set="6"/>
          <p>317 258 678 304 259 679 313 260 680 315 313 828 309 314 829 316 315 830 314 331 897 315 332 898 393 249 899 311 336 906 308 337 907 318 338 908 318 338 1023 310 380 1024 319 381 1025 317 384 1029 324 384 1030 316 384 1031 313 388 1038 303 388 1039 312 389 1040 403 445 1200 305 446 1201 306 446 1202 351 450 1209 307 450 1210 309 450 1211 313 451 1215 312 451 1216 321 452 1217 316 315 1236 307 461 1237 317 258 1238 311 498 1410 320 498 1411 312 498 1412 347 532 1575 303 533 1576 304 533 1577 346 535 1581 302 535 1582 303 535 1583 314 536 1584 305 536 1585 315 536 1586 312 550 1614 302 551 1615 311 336 1616 319 570 1710 327 570 1711 318 571 1712 43 585 1815 310 585 1816 308 585 1817 317 258 1887 307 461 1888 304 259 1889 315 313 1938 305 589 1939 309 314 1940 311 336 1968 302 551 1969 308 337 1970 318 338 2022 308 337 2023 310 380 2024 313 596 2031 304 596 2032 303 596 2033 316 315 2112 309 314 2113 307 461 2114 314 617 2259 306 617 2260 305 617 2261 312 550 2268 303 618 2269 302 551 2270</p>
        </triangles>
        <triangles material="lambert2_006-material" count="24">
          <input semantic="VERTEX" source="#pSphere1Mesh-mesh-vertices" offset="0"/>
          <input semantic="NORMAL" source="#pSphere1Mesh-mesh-normals" offset="1"/>
          <input semantic="TEXCOORD" source="#pSphere1Mesh-mesh-map-0" offset="2" set="0"/>
          <input semantic="TEXCOORD" source="#pSphere1Mesh-mesh-map-1" offset="2" set="1"/>
          <input semantic="TEXCOORD" source="#pSphere1Mesh-mesh-map-2" offset="2" set="2"/>
          <input semantic="TEXCOORD" source="#pSphere1Mesh-mesh-map-3" offset="2" set="3"/>
          <input semantic="TEXCOORD" source="#pSphere1Mesh-mesh-map-4" offset="2" set="4"/>
          <input semantic="TEXCOORD" source="#pSphere1Mesh-mesh-map-5" offset="2" set="5"/>
          <input semantic="TEXCOORD" source="#pSphere1Mesh-mesh-map-6" offset="2" set="6"/>
          <p>331 271 708 214 272 709 330 273 710 394 291 753 322 292 754 323 292 755 328 316 831 325 317 832 334 318 833 334 374 1014 327 374 1015 335 375 1016 332 382 1026 324 382 1027 333 383 1028 328 386 1035 356 234 1036 329 387 1037 329 393 1047 320 393 1048 328 394 1049 330 397 1056 322 397 1057 331 397 1058 316 419 1113 326 419 1114 393 420 1115 333 437 1188 321 438 1189 329 439 1190 312 453 1218 320 453 1219 321 453 1220 331 491 1395 326 492 1396 332 339 1397 335 501 1416 361 501 1417 334 501 1418 318 540 1590 327 541 1591 325 541 1592 335 543 1797 87 509 1798 109 542 1799 328 316 1941 320 590 1942 325 317 1943 334 593 2016 325 593 2017 327 593 2018 332 594 2025 326 594 2026 324 594 2027 329 597 2040 321 597 2041 320 597 2042 330 598 2043 323 598 2044 322 598 2045 316 601 2061 324 601 2062 326 601 2063 333 437 2097 324 605 2098 321 438 2099 331 491 2175 322 611 2176 326 492 2177 335 543 2352 327 573 2353 87 509 2354</p>
        </triangles>
        <triangles material="lambert2_007-material" count="28">
          <input semantic="VERTEX" source="#pSphere1Mesh-mesh-vertices" offset="0"/>
          <input semantic="NORMAL" source="#pSphere1Mesh-mesh-normals" offset="1"/>
          <input semantic="TEXCOORD" source="#pSphere1Mesh-mesh-map-0" offset="2" set="0"/>
          <input semantic="TEXCOORD" source="#pSphere1Mesh-mesh-map-1" offset="2" set="1"/>
          <input semantic="TEXCOORD" source="#pSphere1Mesh-mesh-map-2" offset="2" set="2"/>
          <input semantic="TEXCOORD" source="#pSphere1Mesh-mesh-map-3" offset="2" set="3"/>
          <input semantic="TEXCOORD" source="#pSphere1Mesh-mesh-map-4" offset="2" set="4"/>
          <input semantic="TEXCOORD" source="#pSphere1Mesh-mesh-map-5" offset="2" set="5"/>
          <input semantic="TEXCOORD" source="#pSphere1Mesh-mesh-map-6" offset="2" set="6"/>
          <p>350 213 603 341 214 604 351 215 605 341 214 606 350 213 607 343 216 608 347 217 609 337 218 610 346 219 611 337 218 612 347 217 613 338 220 614 344 221 615 353 222 616 352 223 617 344 221 618 352 223 619 342 224 620 341 214 798 347 217 799 351 215 800 336 326 873 348 327 874 345 328 875 350 213 903 309 335 904 403 256 905 340 395 1050 196 300 1051 339 396 1052 344 221 1062 67 68 1063 353 222 1064 343 216 1206 368 230 1207 341 214 1208 343 216 1230 349 456 1231 339 457 1232 402 466 1263 348 467 1264 349 467 1265 346 219 1404 342 224 1405 352 223 1406 337 218 1434 338 220 1435 364 231 1436 346 219 1578 303 534 1579 347 217 1580 339 568 1707 348 568 1708 340 569 1709 344 221 1731 342 224 1732 369 577 1733 353 222 1809 308 582 1810 352 223 1811 341 214 1932 338 220 1933 347 217 1934 336 326 1956 340 581 1957 348 327 1958 350 213 1965 351 215 1966 309 335 1967 344 221 2049 89 91 2050 67 68 2051 343 216 2100 367 227 2101 368 230 2102 343 216 2106 350 213 2107 349 456 2108 346 219 2184 337 218 2185 342 224 2186 339 623 2310 349 623 2311 348 623 2312</p>
        </triangles>
        <triangles material="lambert2_008-material" count="26">
          <input semantic="VERTEX" source="#pSphere1Mesh-mesh-vertices" offset="0"/>
          <input semantic="NORMAL" source="#pSphere1Mesh-mesh-normals" offset="1"/>
          <input semantic="TEXCOORD" source="#pSphere1Mesh-mesh-map-0" offset="2" set="0"/>
          <input semantic="TEXCOORD" source="#pSphere1Mesh-mesh-map-1" offset="2" set="1"/>
          <input semantic="TEXCOORD" source="#pSphere1Mesh-mesh-map-2" offset="2" set="2"/>
          <input semantic="TEXCOORD" source="#pSphere1Mesh-mesh-map-3" offset="2" set="3"/>
          <input semantic="TEXCOORD" source="#pSphere1Mesh-mesh-map-4" offset="2" set="4"/>
          <input semantic="TEXCOORD" source="#pSphere1Mesh-mesh-map-5" offset="2" set="5"/>
          <input semantic="TEXCOORD" source="#pSphere1Mesh-mesh-map-6" offset="2" set="6"/>
          <p>366 225 621 360 226 622 367 227 623 360 226 624 366 225 625 358 228 626 367 227 627 359 229 628 368 230 629 359 229 630 367 227 631 360 226 632 364 231 633 355 232 634 363 233 635 355 232 636 364 231 637 356 234 638 300 276 720 365 277 721 301 276 722 357 297 768 366 225 769 365 277 770 358 228 909 332 339 910 360 226 911 134 110 1020 361 378 1021 133 379 1022 360 226 1044 333 392 1045 359 229 1046 354 455 1224 355 232 1225 328 386 1226 355 232 1227 356 234 1228 328 386 1229 359 229 1398 364 231 1399 368 230 1400 354 496 1407 363 496 1408 355 497 1409 354 503 1422 369 504 1423 362 505 1424 363 233 1431 337 218 1432 364 231 1433 337 549 1611 363 549 1612 362 549 1613 300 276 1899 357 297 1900 365 277 1901 357 297 1914 358 228 1915 366 225 1916 358 228 1971 331 491 1972 332 339 1973 134 110 2019 369 504 2020 361 378 2021 360 226 2037 332 339 2038 333 392 2039 359 229 2178 356 234 2179 364 231 2180 354 614 2187 362 614 2188 363 614 2189 354 503 2190 361 378 2191 369 504 2192</p>
        </triangles>
        <triangles material="blinn1_001-material" count="10">
          <input semantic="VERTEX" source="#pSphere1Mesh-mesh-vertices" offset="0"/>
          <input semantic="NORMAL" source="#pSphere1Mesh-mesh-normals" offset="1"/>
          <input semantic="TEXCOORD" source="#pSphere1Mesh-mesh-map-0" offset="2" set="0"/>
          <input semantic="TEXCOORD" source="#pSphere1Mesh-mesh-map-1" offset="2" set="1"/>
          <input semantic="TEXCOORD" source="#pSphere1Mesh-mesh-map-2" offset="2" set="2"/>
          <input semantic="TEXCOORD" source="#pSphere1Mesh-mesh-map-3" offset="2" set="3"/>
          <input semantic="TEXCOORD" source="#pSphere1Mesh-mesh-map-4" offset="2" set="4"/>
          <input semantic="TEXCOORD" source="#pSphere1Mesh-mesh-map-5" offset="2" set="5"/>
          <input semantic="TEXCOORD" source="#pSphere1Mesh-mesh-map-6" offset="2" set="6"/>
          <p>370 235 639 374 236 640 373 237 641 371 238 642 375 239 643 377 240 644 377 369 984 375 239 985 388 248 986 383 432 1158 371 238 1159 377 240 1160 376 436 1173 387 244 1174 375 239 1175 376 436 1176 374 236 1177 387 244 1178 370 235 1374 386 245 1375 374 236 1376 370 235 1383 373 237 1384 386 245 1385 376 436 1536 371 238 1537 374 236 1538 376 436 2238 375 239 2239 371 238 2240</p>
        </triangles>
        <triangles material="blinn1_002-material" count="15">
          <input semantic="VERTEX" source="#pSphere1Mesh-mesh-vertices" offset="0"/>
          <input semantic="NORMAL" source="#pSphere1Mesh-mesh-normals" offset="1"/>
          <input semantic="TEXCOORD" source="#pSphere1Mesh-mesh-map-0" offset="2" set="0"/>
          <input semantic="TEXCOORD" source="#pSphere1Mesh-mesh-map-1" offset="2" set="1"/>
          <input semantic="TEXCOORD" source="#pSphere1Mesh-mesh-map-2" offset="2" set="2"/>
          <input semantic="TEXCOORD" source="#pSphere1Mesh-mesh-map-3" offset="2" set="3"/>
          <input semantic="TEXCOORD" source="#pSphere1Mesh-mesh-map-4" offset="2" set="4"/>
          <input semantic="TEXCOORD" source="#pSphere1Mesh-mesh-map-5" offset="2" set="5"/>
          <input semantic="TEXCOORD" source="#pSphere1Mesh-mesh-map-6" offset="2" set="6"/>
          <p>381 241 645 384 242 646 378 243 647 385 402 1155 383 432 1156 377 240 1157 380 469 1281 374 236 1282 378 243 1283 382 479 1350 383 432 1351 385 402 1352 1 481 1356 382 482 1357 385 402 1358 382 486 1362 379 487 1363 371 238 1364 381 241 1377 378 243 1378 374 236 1379 399 522 1533 384 242 1534 382 486 1535 384 242 1548 400 527 1549 378 243 1550 400 527 1551 380 469 1552 378 243 1553 381 241 1662 371 238 1663 379 487 1664 384 242 1719 379 487 1720 382 486 1721 380 469 2127 373 237 2128 374 236 2129 381 241 2280 374 236 2281 371 238 2282 384 242 2313 381 241 2314 379 487 2315</p>
        </triangles>
        <triangles material="lambert2_014-material" count="20">
          <input semantic="VERTEX" source="#pSphere1Mesh-mesh-vertices" offset="0"/>
          <input semantic="NORMAL" source="#pSphere1Mesh-mesh-normals" offset="1"/>
          <input semantic="TEXCOORD" source="#pSphere1Mesh-mesh-map-0" offset="2" set="0"/>
          <input semantic="TEXCOORD" source="#pSphere1Mesh-mesh-map-1" offset="2" set="1"/>
          <input semantic="TEXCOORD" source="#pSphere1Mesh-mesh-map-2" offset="2" set="2"/>
          <input semantic="TEXCOORD" source="#pSphere1Mesh-mesh-map-3" offset="2" set="3"/>
          <input semantic="TEXCOORD" source="#pSphere1Mesh-mesh-map-4" offset="2" set="4"/>
          <input semantic="TEXCOORD" source="#pSphere1Mesh-mesh-map-5" offset="2" set="5"/>
          <input semantic="TEXCOORD" source="#pSphere1Mesh-mesh-map-6" offset="2" set="6"/>
          <p>387 244 648 386 245 649 391 246 650 387 244 651 391 246 652 392 247 653 388 248 654 387 244 655 392 247 656 388 248 657 392 247 658 393 249 659 389 250 660 388 248 661 393 249 662 389 250 663 393 249 664 394 251 665 395 289 750 394 251 751 323 290 752 19 305 816 389 306 817 390 306 818 393 249 819 326 307 820 394 251 821 17 330 885 388 248 886 389 250 887 392 247 894 314 331 895 393 249 896 375 239 987 387 244 988 388 248 989 391 246 1011 314 331 1012 392 247 1013 391 246 1041 400 390 1042 405 391 1043 374 236 1179 386 245 1180 387 244 1181 390 304 1428 394 251 1429 395 289 1430 395 289 1629 20 22 1630 390 304 1631 391 246 2034 386 245 2035 400 390 2036 390 304 2196 389 250 2197 394 251 2198 395 289 2271 21 23 2272 20 22 2273</p>
        </triangles>
        <triangles material="lambert2_015-material" count="16">
          <input semantic="VERTEX" source="#pSphere1Mesh-mesh-vertices" offset="0"/>
          <input semantic="NORMAL" source="#pSphere1Mesh-mesh-normals" offset="1"/>
          <input semantic="TEXCOORD" source="#pSphere1Mesh-mesh-map-0" offset="2" set="0"/>
          <input semantic="TEXCOORD" source="#pSphere1Mesh-mesh-map-1" offset="2" set="1"/>
          <input semantic="TEXCOORD" source="#pSphere1Mesh-mesh-map-2" offset="2" set="2"/>
          <input semantic="TEXCOORD" source="#pSphere1Mesh-mesh-map-3" offset="2" set="3"/>
          <input semantic="TEXCOORD" source="#pSphere1Mesh-mesh-map-4" offset="2" set="4"/>
          <input semantic="TEXCOORD" source="#pSphere1Mesh-mesh-map-5" offset="2" set="5"/>
          <input semantic="TEXCOORD" source="#pSphere1Mesh-mesh-map-6" offset="2" set="6"/>
          <p>401 252 666 402 253 667 397 254 668 397 254 669 396 255 670 401 252 671 402 253 672 403 256 673 398 257 674 398 257 675 397 254 676 402 253 677 405 391 1194 404 443 1195 306 444 1196 404 443 1197 403 256 1198 306 444 1199 404 443 1212 398 257 1213 403 256 1214 403 256 1239 402 253 1240 350 213 1241 405 391 1425 399 506 1426 404 443 1427 401 252 1437 348 507 1438 402 253 1439 398 520 1530 399 520 1531 382 521 1532 384 528 1554 399 529 1555 400 529 1556 11 531 1572 397 254 1573 398 257 1574 9 4 1626 396 255 1627 397 254 1628 404 443 2103 399 506 2104 398 257 2105 405 391 2193 400 390 2194 399 506 2195</p>
        </triangles>
      </mesh>
    </geometry>
  </library_geometries>
  <library_visual_scenes>
    <visual_scene id="Scene" name="Scene">
      <node id="blimp_body_v4" name="blimp_body_v4" type="NODE">
        <matrix sid="transform">8.74228e-8 2.5 -4.37114e-8 -1 1.19249e-8 1.09278e-7 1 0 1 -2.18557e-7 -1.19249e-8 1.15 0 0 0 1</matrix>
        <instance_geometry url="#pSphere1Mesh-mesh" name="blimp_body_v4">
          <bind_material>
            <technique_common>
              <instance_material symbol="lambert2-material" target="#lambert2-material">
                <bind_vertex_input semantic="pSphere1-UV0" input_semantic="TEXCOORD" input_set="0"/>
                <bind_vertex_input semantic="pCube3-UV0" input_semantic="TEXCOORD" input_set="1"/>
                <bind_vertex_input semantic="pCube1-UV0" input_semantic="TEXCOORD" input_set="2"/>
                <bind_vertex_input semantic="pCylinder4-UV0" input_semantic="TEXCOORD" input_set="3"/>
                <bind_vertex_input semantic="pCylinder2-UV0" input_semantic="TEXCOORD" input_set="4"/>
                <bind_vertex_input semantic="pCylinder1-UV0" input_semantic="TEXCOORD" input_set="5"/>
                <bind_vertex_input semantic="pPipe1-UV0" input_semantic="TEXCOORD" input_set="6"/>
              </instance_material>
              <instance_material symbol="blinn1-material" target="#blinn1-material">
                <bind_vertex_input semantic="pSphere1-UV0" input_semantic="TEXCOORD" input_set="0"/>
                <bind_vertex_input semantic="pCube3-UV0" input_semantic="TEXCOORD" input_set="1"/>
                <bind_vertex_input semantic="pCube1-UV0" input_semantic="TEXCOORD" input_set="2"/>
                <bind_vertex_input semantic="pCylinder4-UV0" input_semantic="TEXCOORD" input_set="3"/>
                <bind_vertex_input semantic="pCylinder2-UV0" input_semantic="TEXCOORD" input_set="4"/>
                <bind_vertex_input semantic="pCylinder1-UV0" input_semantic="TEXCOORD" input_set="5"/>
                <bind_vertex_input semantic="pPipe1-UV0" input_semantic="TEXCOORD" input_set="6"/>
              </instance_material>
              <instance_material symbol="lambert2_001-material" target="#lambert2_001-material">
                <bind_vertex_input semantic="pSphere1-UV0" input_semantic="TEXCOORD" input_set="0"/>
                <bind_vertex_input semantic="pCube3-UV0" input_semantic="TEXCOORD" input_set="1"/>
                <bind_vertex_input semantic="pCube1-UV0" input_semantic="TEXCOORD" input_set="2"/>
                <bind_vertex_input semantic="pCylinder4-UV0" input_semantic="TEXCOORD" input_set="3"/>
                <bind_vertex_input semantic="pCylinder2-UV0" input_semantic="TEXCOORD" input_set="4"/>
                <bind_vertex_input semantic="pCylinder1-UV0" input_semantic="TEXCOORD" input_set="5"/>
                <bind_vertex_input semantic="pPipe1-UV0" input_semantic="TEXCOORD" input_set="6"/>
              </instance_material>
              <instance_material symbol="lambert2_002-material" target="#lambert2_002-material">
                <bind_vertex_input semantic="pSphere1-UV0" input_semantic="TEXCOORD" input_set="0"/>
                <bind_vertex_input semantic="pCube3-UV0" input_semantic="TEXCOORD" input_set="1"/>
                <bind_vertex_input semantic="pCube1-UV0" input_semantic="TEXCOORD" input_set="2"/>
                <bind_vertex_input semantic="pCylinder4-UV0" input_semantic="TEXCOORD" input_set="3"/>
                <bind_vertex_input semantic="pCylinder2-UV0" input_semantic="TEXCOORD" input_set="4"/>
                <bind_vertex_input semantic="pCylinder1-UV0" input_semantic="TEXCOORD" input_set="5"/>
                <bind_vertex_input semantic="pPipe1-UV0" input_semantic="TEXCOORD" input_set="6"/>
              </instance_material>
              <instance_material symbol="lambert2_003-material" target="#lambert2_003-material">
                <bind_vertex_input semantic="pSphere1-UV0" input_semantic="TEXCOORD" input_set="0"/>
                <bind_vertex_input semantic="pCube3-UV0" input_semantic="TEXCOORD" input_set="1"/>
                <bind_vertex_input semantic="pCube1-UV0" input_semantic="TEXCOORD" input_set="2"/>
                <bind_vertex_input semantic="pCylinder4-UV0" input_semantic="TEXCOORD" input_set="3"/>
                <bind_vertex_input semantic="pCylinder2-UV0" input_semantic="TEXCOORD" input_set="4"/>
                <bind_vertex_input semantic="pCylinder1-UV0" input_semantic="TEXCOORD" input_set="5"/>
                <bind_vertex_input semantic="pPipe1-UV0" input_semantic="TEXCOORD" input_set="6"/>
              </instance_material>
              <instance_material symbol="lambert2_004-material" target="#lambert2_004-material">
                <bind_vertex_input semantic="pSphere1-UV0" input_semantic="TEXCOORD" input_set="0"/>
                <bind_vertex_input semantic="pCube3-UV0" input_semantic="TEXCOORD" input_set="1"/>
                <bind_vertex_input semantic="pCube1-UV0" input_semantic="TEXCOORD" input_set="2"/>
                <bind_vertex_input semantic="pCylinder4-UV0" input_semantic="TEXCOORD" input_set="3"/>
                <bind_vertex_input semantic="pCylinder2-UV0" input_semantic="TEXCOORD" input_set="4"/>
                <bind_vertex_input semantic="pCylinder1-UV0" input_semantic="TEXCOORD" input_set="5"/>
                <bind_vertex_input semantic="pPipe1-UV0" input_semantic="TEXCOORD" input_set="6"/>
              </instance_material>
              <instance_material symbol="lambert2_005-material" target="#lambert2_005-material">
                <bind_vertex_input semantic="pSphere1-UV0" input_semantic="TEXCOORD" input_set="0"/>
                <bind_vertex_input semantic="pCube3-UV0" input_semantic="TEXCOORD" input_set="1"/>
                <bind_vertex_input semantic="pCube1-UV0" input_semantic="TEXCOORD" input_set="2"/>
                <bind_vertex_input semantic="pCylinder4-UV0" input_semantic="TEXCOORD" input_set="3"/>
                <bind_vertex_input semantic="pCylinder2-UV0" input_semantic="TEXCOORD" input_set="4"/>
                <bind_vertex_input semantic="pCylinder1-UV0" input_semantic="TEXCOORD" input_set="5"/>
                <bind_vertex_input semantic="pPipe1-UV0" input_semantic="TEXCOORD" input_set="6"/>
              </instance_material>
              <instance_material symbol="lambert2_006-material" target="#lambert2_006-material">
                <bind_vertex_input semantic="pSphere1-UV0" input_semantic="TEXCOORD" input_set="0"/>
                <bind_vertex_input semantic="pCube3-UV0" input_semantic="TEXCOORD" input_set="1"/>
                <bind_vertex_input semantic="pCube1-UV0" input_semantic="TEXCOORD" input_set="2"/>
                <bind_vertex_input semantic="pCylinder4-UV0" input_semantic="TEXCOORD" input_set="3"/>
                <bind_vertex_input semantic="pCylinder2-UV0" input_semantic="TEXCOORD" input_set="4"/>
                <bind_vertex_input semantic="pCylinder1-UV0" input_semantic="TEXCOORD" input_set="5"/>
                <bind_vertex_input semantic="pPipe1-UV0" input_semantic="TEXCOORD" input_set="6"/>
              </instance_material>
              <instance_material symbol="lambert2_007-material" target="#lambert2_007-material">
                <bind_vertex_input semantic="pSphere1-UV0" input_semantic="TEXCOORD" input_set="0"/>
                <bind_vertex_input semantic="pCube3-UV0" input_semantic="TEXCOORD" input_set="1"/>
                <bind_vertex_input semantic="pCube1-UV0" input_semantic="TEXCOORD" input_set="2"/>
                <bind_vertex_input semantic="pCylinder4-UV0" input_semantic="TEXCOORD" input_set="3"/>
                <bind_vertex_input semantic="pCylinder2-UV0" input_semantic="TEXCOORD" input_set="4"/>
                <bind_vertex_input semantic="pCylinder1-UV0" input_semantic="TEXCOORD" input_set="5"/>
                <bind_vertex_input semantic="pPipe1-UV0" input_semantic="TEXCOORD" input_set="6"/>
              </instance_material>
              <instance_material symbol="lambert2_008-material" target="#lambert2_008-material">
                <bind_vertex_input semantic="pSphere1-UV0" input_semantic="TEXCOORD" input_set="0"/>
                <bind_vertex_input semantic="pCube3-UV0" input_semantic="TEXCOORD" input_set="1"/>
                <bind_vertex_input semantic="pCube1-UV0" input_semantic="TEXCOORD" input_set="2"/>
                <bind_vertex_input semantic="pCylinder4-UV0" input_semantic="TEXCOORD" input_set="3"/>
                <bind_vertex_input semantic="pCylinder2-UV0" input_semantic="TEXCOORD" input_set="4"/>
                <bind_vertex_input semantic="pCylinder1-UV0" input_semantic="TEXCOORD" input_set="5"/>
                <bind_vertex_input semantic="pPipe1-UV0" input_semantic="TEXCOORD" input_set="6"/>
              </instance_material>
              <instance_material symbol="lambert2_009-material" target="#lambert2_009-material">
                <bind_vertex_input semantic="pSphere1-UV0" input_semantic="TEXCOORD" input_set="0"/>
                <bind_vertex_input semantic="pCube3-UV0" input_semantic="TEXCOORD" input_set="1"/>
                <bind_vertex_input semantic="pCube1-UV0" input_semantic="TEXCOORD" input_set="2"/>
                <bind_vertex_input semantic="pCylinder4-UV0" input_semantic="TEXCOORD" input_set="3"/>
                <bind_vertex_input semantic="pCylinder2-UV0" input_semantic="TEXCOORD" input_set="4"/>
                <bind_vertex_input semantic="pCylinder1-UV0" input_semantic="TEXCOORD" input_set="5"/>
                <bind_vertex_input semantic="pPipe1-UV0" input_semantic="TEXCOORD" input_set="6"/>
              </instance_material>
              <instance_material symbol="phong1-material" target="#phong1-material">
                <bind_vertex_input semantic="pSphere1-UV0" input_semantic="TEXCOORD" input_set="0"/>
                <bind_vertex_input semantic="pCube3-UV0" input_semantic="TEXCOORD" input_set="1"/>
                <bind_vertex_input semantic="pCube1-UV0" input_semantic="TEXCOORD" input_set="2"/>
                <bind_vertex_input semantic="pCylinder4-UV0" input_semantic="TEXCOORD" input_set="3"/>
                <bind_vertex_input semantic="pCylinder2-UV0" input_semantic="TEXCOORD" input_set="4"/>
                <bind_vertex_input semantic="pCylinder1-UV0" input_semantic="TEXCOORD" input_set="5"/>
                <bind_vertex_input semantic="pPipe1-UV0" input_semantic="TEXCOORD" input_set="6"/>
              </instance_material>
              <instance_material symbol="lambert3-material" target="#lambert3-material">
                <bind_vertex_input semantic="pSphere1-UV0" input_semantic="TEXCOORD" input_set="0"/>
                <bind_vertex_input semantic="pCube3-UV0" input_semantic="TEXCOORD" input_set="1"/>
                <bind_vertex_input semantic="pCube1-UV0" input_semantic="TEXCOORD" input_set="2"/>
                <bind_vertex_input semantic="pCylinder4-UV0" input_semantic="TEXCOORD" input_set="3"/>
                <bind_vertex_input semantic="pCylinder2-UV0" input_semantic="TEXCOORD" input_set="4"/>
                <bind_vertex_input semantic="pCylinder1-UV0" input_semantic="TEXCOORD" input_set="5"/>
                <bind_vertex_input semantic="pPipe1-UV0" input_semantic="TEXCOORD" input_set="6"/>
              </instance_material>
              <instance_material symbol="lambert2_010-material" target="#lambert2_010-material">
                <bind_vertex_input semantic="pSphere1-UV0" input_semantic="TEXCOORD" input_set="0"/>
                <bind_vertex_input semantic="pCube3-UV0" input_semantic="TEXCOORD" input_set="1"/>
                <bind_vertex_input semantic="pCube1-UV0" input_semantic="TEXCOORD" input_set="2"/>
                <bind_vertex_input semantic="pCylinder4-UV0" input_semantic="TEXCOORD" input_set="3"/>
                <bind_vertex_input semantic="pCylinder2-UV0" input_semantic="TEXCOORD" input_set="4"/>
                <bind_vertex_input semantic="pCylinder1-UV0" input_semantic="TEXCOORD" input_set="5"/>
                <bind_vertex_input semantic="pPipe1-UV0" input_semantic="TEXCOORD" input_set="6"/>
              </instance_material>
              <instance_material symbol="lambert2_011-material" target="#lambert2_011-material">
                <bind_vertex_input semantic="pSphere1-UV0" input_semantic="TEXCOORD" input_set="0"/>
                <bind_vertex_input semantic="pCube3-UV0" input_semantic="TEXCOORD" input_set="1"/>
                <bind_vertex_input semantic="pCube1-UV0" input_semantic="TEXCOORD" input_set="2"/>
                <bind_vertex_input semantic="pCylinder4-UV0" input_semantic="TEXCOORD" input_set="3"/>
                <bind_vertex_input semantic="pCylinder2-UV0" input_semantic="TEXCOORD" input_set="4"/>
                <bind_vertex_input semantic="pCylinder1-UV0" input_semantic="TEXCOORD" input_set="5"/>
                <bind_vertex_input semantic="pPipe1-UV0" input_semantic="TEXCOORD" input_set="6"/>
              </instance_material>
              <instance_material symbol="lambert2_012-material" target="#lambert2_012-material">
                <bind_vertex_input semantic="pSphere1-UV0" input_semantic="TEXCOORD" input_set="0"/>
                <bind_vertex_input semantic="pCube3-UV0" input_semantic="TEXCOORD" input_set="1"/>
                <bind_vertex_input semantic="pCube1-UV0" input_semantic="TEXCOORD" input_set="2"/>
                <bind_vertex_input semantic="pCylinder4-UV0" input_semantic="TEXCOORD" input_set="3"/>
                <bind_vertex_input semantic="pCylinder2-UV0" input_semantic="TEXCOORD" input_set="4"/>
                <bind_vertex_input semantic="pCylinder1-UV0" input_semantic="TEXCOORD" input_set="5"/>
                <bind_vertex_input semantic="pPipe1-UV0" input_semantic="TEXCOORD" input_set="6"/>
              </instance_material>
              <instance_material symbol="blinn1_001-material" target="#blinn1_001-material">
                <bind_vertex_input semantic="pSphere1-UV0" input_semantic="TEXCOORD" input_set="0"/>
                <bind_vertex_input semantic="pCube3-UV0" input_semantic="TEXCOORD" input_set="1"/>
                <bind_vertex_input semantic="pCube1-UV0" input_semantic="TEXCOORD" input_set="2"/>
                <bind_vertex_input semantic="pCylinder4-UV0" input_semantic="TEXCOORD" input_set="3"/>
                <bind_vertex_input semantic="pCylinder2-UV0" input_semantic="TEXCOORD" input_set="4"/>
                <bind_vertex_input semantic="pCylinder1-UV0" input_semantic="TEXCOORD" input_set="5"/>
                <bind_vertex_input semantic="pPipe1-UV0" input_semantic="TEXCOORD" input_set="6"/>
              </instance_material>
              <instance_material symbol="pasted__blinn1-material" target="#pasted__blinn1-material">
                <bind_vertex_input semantic="pSphere1-UV0" input_semantic="TEXCOORD" input_set="0"/>
                <bind_vertex_input semantic="pCube3-UV0" input_semantic="TEXCOORD" input_set="1"/>
                <bind_vertex_input semantic="pCube1-UV0" input_semantic="TEXCOORD" input_set="2"/>
                <bind_vertex_input semantic="pCylinder4-UV0" input_semantic="TEXCOORD" input_set="3"/>
                <bind_vertex_input semantic="pCylinder2-UV0" input_semantic="TEXCOORD" input_set="4"/>
                <bind_vertex_input semantic="pCylinder1-UV0" input_semantic="TEXCOORD" input_set="5"/>
                <bind_vertex_input semantic="pPipe1-UV0" input_semantic="TEXCOORD" input_set="6"/>
              </instance_material>
              <instance_material symbol="blinn1_002-material" target="#blinn1_002-material">
                <bind_vertex_input semantic="pSphere1-UV0" input_semantic="TEXCOORD" input_set="0"/>
                <bind_vertex_input semantic="pCube3-UV0" input_semantic="TEXCOORD" input_set="1"/>
                <bind_vertex_input semantic="pCube1-UV0" input_semantic="TEXCOORD" input_set="2"/>
                <bind_vertex_input semantic="pCylinder4-UV0" input_semantic="TEXCOORD" input_set="3"/>
                <bind_vertex_input semantic="pCylinder2-UV0" input_semantic="TEXCOORD" input_set="4"/>
                <bind_vertex_input semantic="pCylinder1-UV0" input_semantic="TEXCOORD" input_set="5"/>
                <bind_vertex_input semantic="pPipe1-UV0" input_semantic="TEXCOORD" input_set="6"/>
              </instance_material>
              <instance_material symbol="pasted__blinn1_001-material" target="#pasted__blinn1_001-material">
                <bind_vertex_input semantic="pSphere1-UV0" input_semantic="TEXCOORD" input_set="0"/>
                <bind_vertex_input semantic="pCube3-UV0" input_semantic="TEXCOORD" input_set="1"/>
                <bind_vertex_input semantic="pCube1-UV0" input_semantic="TEXCOORD" input_set="2"/>
                <bind_vertex_input semantic="pCylinder4-UV0" input_semantic="TEXCOORD" input_set="3"/>
                <bind_vertex_input semantic="pCylinder2-UV0" input_semantic="TEXCOORD" input_set="4"/>
                <bind_vertex_input semantic="pCylinder1-UV0" input_semantic="TEXCOORD" input_set="5"/>
                <bind_vertex_input semantic="pPipe1-UV0" input_semantic="TEXCOORD" input_set="6"/>
              </instance_material>
              <instance_material symbol="lambert2_013-material" target="#lambert2_013-material">
                <bind_vertex_input semantic="pSphere1-UV0" input_semantic="TEXCOORD" input_set="0"/>
                <bind_vertex_input semantic="pCube3-UV0" input_semantic="TEXCOORD" input_set="1"/>
                <bind_vertex_input semantic="pCube1-UV0" input_semantic="TEXCOORD" input_set="2"/>
                <bind_vertex_input semantic="pCylinder4-UV0" input_semantic="TEXCOORD" input_set="3"/>
                <bind_vertex_input semantic="pCylinder2-UV0" input_semantic="TEXCOORD" input_set="4"/>
                <bind_vertex_input semantic="pCylinder1-UV0" input_semantic="TEXCOORD" input_set="5"/>
                <bind_vertex_input semantic="pPipe1-UV0" input_semantic="TEXCOORD" input_set="6"/>
              </instance_material>
              <instance_material symbol="lambert2_014-material" target="#lambert2_014-material">
                <bind_vertex_input semantic="pSphere1-UV0" input_semantic="TEXCOORD" input_set="0"/>
                <bind_vertex_input semantic="pCube3-UV0" input_semantic="TEXCOORD" input_set="1"/>
                <bind_vertex_input semantic="pCube1-UV0" input_semantic="TEXCOORD" input_set="2"/>
                <bind_vertex_input semantic="pCylinder4-UV0" input_semantic="TEXCOORD" input_set="3"/>
                <bind_vertex_input semantic="pCylinder2-UV0" input_semantic="TEXCOORD" input_set="4"/>
                <bind_vertex_input semantic="pCylinder1-UV0" input_semantic="TEXCOORD" input_set="5"/>
                <bind_vertex_input semantic="pPipe1-UV0" input_semantic="TEXCOORD" input_set="6"/>
              </instance_material>
              <instance_material symbol="lambert2_015-material" target="#lambert2_015-material">
                <bind_vertex_input semantic="pSphere1-UV0" input_semantic="TEXCOORD" input_set="0"/>
                <bind_vertex_input semantic="pCube3-UV0" input_semantic="TEXCOORD" input_set="1"/>
                <bind_vertex_input semantic="pCube1-UV0" input_semantic="TEXCOORD" input_set="2"/>
                <bind_vertex_input semantic="pCylinder4-UV0" input_semantic="TEXCOORD" input_set="3"/>
                <bind_vertex_input semantic="pCylinder2-UV0" input_semantic="TEXCOORD" input_set="4"/>
                <bind_vertex_input semantic="pCylinder1-UV0" input_semantic="TEXCOORD" input_set="5"/>
                <bind_vertex_input semantic="pPipe1-UV0" input_semantic="TEXCOORD" input_set="6"/>
              </instance_material>
            </technique_common>
          </bind_material>
        </instance_geometry>
      </node>
    </visual_scene>
  </library_visual_scenes>
  <scene>
    <instance_visual_scene url="#Scene"/>
  </scene>
</COLLADA>